date,close,open,high,low,volume,gas,oil,coal,power,stock,trends,pos,neg
2021/1/4,2.843226087,0.787644181,3.665796207,1.734939271,212.0263536,5.266646463,-1.380136592,0.43384016,-3.066869856,0.282008083,20,0,0
2021/1/5,-2.207726899,1.646004542,-1.816101467,-0.544630696,2.371652662,-9.578127477,4.796028473,-6.559728249,-7.097671796,-0.678160271,26,0.135,0.046
2021/1/6,2.030526616,0.059347183,0.147688699,0.181873345,-109.0830148,-2.000627632,1.297515886,-1.006589993,1.168425863,2.215147353,20,0.305,0.192
2021/1/7,3.314256828,1.003550335,3.252319171,3.07165941,100.0973819,9.247329847,0.147221226,3.592285377,5.740317103,0.249273083,22,0.498,0.281
2021/1/8,0.484953168,3.350010057,0.995033085,1.457751762,31.29998804,4.395756933,2.917666416,2.812916772,4.709576789,0.193450385,18,0.543,0.109
2021/1/11,-1.087278236,0.226950452,0.14134278,-0.260831911,-37.46934494,8.841095734,-0.591134726,0,2.053460244,-0.387275726,14,0,0
2021/1/12,0.344629864,-1.974595562,0.535287938,-0.058055154,17.47169574,15.51844052,1.639380978,2.877896455,4.577260442,-0.221975674,30,0.237,0.122
2021/1/13,-2.908872926,0.375018469,-2.101156232,-3.276078724,41.81075015,-17.25285187,-0.923302014,-0.497690327,-7.064639284,0.166527932,28,0.071,0.051
2021/1/14,-0.354820006,-2.803103236,-2.557535503,-1.025340708,-20.57084895,-3.133293494,0.640115984,-0.357015731,-2.198293322,0.635800345,38,0.186,0
2021/1/15,-5.479154883,-0.415430865,-1.005925642,-3.391200422,7.718963869,-6.206072774,-2.367398941,-1.877311451,-4.353450502,-1.219865418,17,0.536,0.374
2021/1/18,-0.376175992,-5.500928446,-3.387079144,-1.040198504,-36.89954283,-7.866763555,-0.637234746,-1.987551625,-1.756485439,0.167224119,23,0,0
2021/1/19,4.483403601,0.875826681,2.4910158,1.57186512,-5.95920972,5.168512428,2.078701146,0.37105794,-0.592418794,-0.111451669,21,0.316,0.146
2021/1/20,-0.542006747,4.20793787,1.518564242,2.950429131,-48.77032063,-0.572868505,0.321486257,0,1.142194379,0.6945437,25,0.576,0
2021/1/21,3.55909451,-1.807822661,1.670368507,-0.577070698,17.03453657,-1.526211538,0.03565698,0.074046653,1.66994172,0.138331742,18,0.045,0.058
2021/1/22,0.378072284,4.110167569,0.116177765,2.823010288,51.56333253,6.136263307,-1.237572965,-0.074046653,1.205871632,-0.805000877,21,0.573,0.255
2021/1/25,-3.12525435,1.448461013,1.125715452,-1.251506204,21.30205437,-6.171623986,0.844645151,-0.074101522,0.22805027,-1.346821705,27,0,0.175
2021/1/26,0.507842764,-4.831572971,-3.208207487,-0.903620606,-30.33073904,-4.429101671,0.053672065,0.296077196,0.075901332,1.374688502,32,0,0.53
2021/1/27,-0.149097985,0.841604006,-0.207684394,-1.7397051,-73.33132223,-0.018485997,-0.179019024,0.07388253,-0.208867445,-1.600932942,24,0.184,0.236
2021/1/28,1.950416438,1.190136035,1.444813575,2.041820134,55.25652299,7.392307801,-0.502964955,0.147601503,0.17092398,0.451978171,23,0.378,0.103
2021/1/29,-2.940078136,0.56039079,-0.234466696,0.030161364,26.3814591,-9.14542991,0.628311914,0,-1.71770449,-1.992664852,22,0.546,0.295
2021/2/1,-0.301841461,-2.411189888,-1.478005031,-0.939258534,-80.01193001,-9.692955237,0.83757061,-3.2986499,-5.33757306,1.342302033,22,0,0
2021/2/2,6.183308118,0.300842586,5.051872409,1.330530666,51.72565141,0.825768524,1.950681307,-0.305343749,0.061068704,1.576165475,31,0.327,0.48
2021/2/3,6.757100291,5.436756667,7.418886194,5.208901257,91.24371626,-2.941695375,1.725370613,-2.555307442,-1.786311742,0.44580737,43,0.42,0.083
2021/2/4,-0.42587235,7.162572302,1.098050248,5.140734548,-62.95743765,0.864346058,0.647913605,1.941808586,1.867678712,0.995858853,33,0.679,1.081
2021/2/5,2.476417383,-0.424629088,1.137551046,1.371911228,-24.5122458,1.106367616,0.846171913,2.206251526,4.706517367,0.384615859,25,0.618,0.577
2021/2/8,1.061223885,4.650792659,2.613367045,3.336707812,66.49763036,9.762881379,2.035099427,2.672764891,7.670954563,0.574164257,41,0,0.14
2021/2/9,-0.905217613,-2.571496797,-2.639077291,-2.353049741,-2.409755158,-6.575686171,0.871357753,0.511510067,-0.26985714,-0.382409644,20,0.289,0.036
2021/2/10,2.742003946,0.052083335,2.664117982,0.026451528,45.46423441,-3.728412183,0.620106426,-0.878482956,-1.269052564,-0.356408876,30,0.599,0.044
2021/2/11,-1.425686062,2.798282955,0.922124914,2.145555878,137.0693421,-7.540933395,-0.538293446,-0.960480232,-1.804172649,0.575107706,21,0.362,0.072
2021/2/12,3.229342172,-2.278936163,0.470239698,-3.235847226,-51.23991882,0.940867156,2.087961261,-0.521028347,-1.196052382,0.734597236,23,0.574,0.147
2021/2/15,-1.173693084,3.985804911,0.933897178,6.043586541,-70.63574123,-7.570430607,1.383940008,-2.570058311,-5.895160021,1.158886437,21,0.106,0
2021/2/16,-1.722870079,-0.824695415,-0.220399257,-1.598410284,42.47808974,2.16494717,0.078957762,0.458365967,-2.044896236,-0.32206147,22,0.111,0.394
2021/2/17,-1.883197663,-1.517096101,-2.809383024,-1.936793918,-36.54086239,-1.613320876,1.550661504,-0.381825588,-0.571546769,-0.620198833,21,0,0.275
2021/2/18,0.545385068,-0.947146464,-1.98631435,-0.444270952,-55.0882108,5.196276649,-0.639278703,0.305577014,1.220767958,-0.596854729,19,0.428,0.393
2021/2/19,-2.385121582,-1.320407533,0.179879272,-1.318236859,52.55000347,-4.505057117,-1.60836012,0.608366895,-0.384966538,1.055633027,19,0.273,0.862
2021/2/22,1.474486956,-1.682037028,-1.396092996,-2.363160453,-132.8850355,-5.041856768,3.636764417,0,-1.658005436,-0.377664328,28,0,0
2021/2/23,1.838715534,2.046241385,1.626891919,2.522269477,79.89930153,1.56156352,0.199065987,-0.075843765,0.082525278,-0.542006747,30,0.276,0.236
2021/2/24,1.224192794,0.621280797,1.525194792,2.227263561,-187.8373942,1.27078934,2.522601855,-0.303951602,0.760147471,0.596046197,24,0.58,0.165
2021/2/25,-2.255927507,2.748964139,0.478168773,0.103600113,114.5132304,-2.18494024,-0.23894874,0.152091284,-0.389624198,-0.378890846,29,0.25,0.056
2021/2/26,-2.547072182,-4.624507525,-3.682338818,-2.835579847,139.3089404,-1.248767476,-1.127746709,0.530505223,0.16423736,-1.667844539,20,0.713,0.624
2021/3/1,-0.399734043,0.341252464,0.104139556,-0.320085629,-50.63211116,2.800331664,-3.75949373,-1.14026321,-14.2154546,2.01971931,26,0,0
2021/3/2,3.257445875,-2.413590175,0.777608895,-0.723960797,22.08938316,-1.007008387,-1.566611674,1.14026321,0.377626127,0.108020534,25,0.325,0.215
2021/3/3,-2.274310548,3.870431758,0.051626227,0.88413168,-20.23404237,-4.338637576,2.161478801,-0.682596507,-0.875434433,0.134861787,0,0.563,0.252
2021/3/4,1.80798846,-2.008675857,-0.051626227,-1.234583582,-25.86945356,2.645791574,4.082823767,-0.763945656,-0.023767083,-0.188857469,23,0.229,0.035
2021/3/5,2.183212436,1.698277263,1.841955377,3.005945165,-21.13090937,3.503071559,3.850585915,0.076657727,2.070175083,-1.004215251,27,0.352,0.466
2021/3/8,0.279081749,2.960910532,0.78273345,1.327625904,61.04047535,-2.082132781,-1.627942929,0.382409644,-2.308157108,2.664671183,25,0.083,0
2021/3/9,3.754325314,-0.479012639,3.314673971,1.870171068,-66.47988256,5.724091869,-1.06070529,0.760459939,2.424503835,0.661815784,28,0.243,0.182
2021/3/10,2.148543722,3.452472533,2.451456576,3.565128903,154.9279021,4.814434914,0.561218428,-0.30349037,3.338979284,0.736070621,24,0.315,0.171
2021/3/11,0.950803455,2.531170445,2.114243657,1.265531614,21.19998966,3.695621166,2.515947439,0,2.136262814,0.67867658,25,0.894,0.041
2021/3/12,2.153137239,0.356421905,0.463822724,1.201937547,-113.2256265,1.955844658,-0.590567075,0.379219264,1.029469173,-0.3126631,31,0.769,0.188
2021/3/15,-1.070773732,0.661940951,0.989993121,1.35281522,101.0998683,-4.764345347,-0.492397809,0.453172981,2.134391686,-0.078318761,24,0.133,0
2021/3/16,-1.818446613,0.141276218,-1.639948983,-1.185690912,37.94262082,-2.776090519,-0.713924501,-0.075386359,-1.007619202,0.54694758,30,0.417,0.138
2021/3/17,3.235921258,-0.40080214,1.065564866,0.428470068,-81.48538144,2.510779728,-0.571890993,1.867816721,3.180929764,0.051934564,29,0.342,0.587
2021/3/18,-1.394074622,2.357994158,1.531983775,1.133691878,50.4099141,-1.471926664,-7.193838172,0.810914875,0.041736228,0.492037766,30,0.64,0
2021/3/19,-1.011178516,-2.192763387,-3.2986499,-2.32844922,-118.4295169,-3.219088592,1.956090849,0.512633858,-1.386576837,-0.362319237,26,0.697,0.614
2021/3/22,2.035396035,-0.710062155,1.651392337,1.171001552,-92.36708392,5.923154056,0.139372845,0.073019353,-0.551549977,-2.201923824,36,0,0
2021/3/23,-3.295966896,2.161738315,-0.555171447,-1.002873735,107.9920156,2.034702229,-6.109865864,0,0.86837356,0,27,0.293,0.212
2021/3/24,0.42990274,-2.733440682,-2.537133974,-1.328682429,-3.195159981,1.657496509,5.78435988,0,-1.487174212,-0.026507621,24,0.216,0.392
2021/3/25,-3.024302101,-0.047789726,-0.19052161,-2.761516703,12.21026968,-0.422387112,-3.894129248,0,0.661335744,-0.053036331,37,0.539,0.305
2021/3/26,3.333642027,-2.737905724,0.523063485,1.587334916,-42.72524623,2.384052687,4.142229856,0,0.445529537,1.029168604,20,0.747,0.657
2021/3/29,0.261003826,2.737905724,1.10837121,1.344270518,-70.64511462,-2.91455791,0.63296236,3.019639923,-0.148289403,0.54981157,30,0,0
2021/3/30,0.47281412,0.238720572,0.444601177,1.541827701,111.0446746,2.521141935,-1.301133598,-0.853490245,-0.021202163,1.090636622,10,0.796,0.272
2021/3/31,1.149033629,1.279335146,0.628420548,1.282677918,-96.14111672,-2.947581813,-0.939856542,0.071403073,0.063593007,-0.155078863,25,0.468,0.107
2021/4/1,-0.186697837,0.96053216,0.139114328,0.376914463,-25.24139336,0.872253163,2.056147204,0.213903825,-0.446002651,0.695968784,13,0.355,0.332
2021/4/5,0,-0.186697837,-0.814242023,0.656201089,62.66264982,2.938809815,-4.268028292,0,0,0.553308446,0,0,0
2021/4/6,4.096213887,0.906877509,4.208258717,0.74470905,11.01111184,0.721403301,0.944838481,0.142348778,0.995454583,0.137850072,25,0.17,0.082
2021/4/7,-0.833056715,3.45803336,0.156652152,1.769550942,-45.40183335,-2.084053555,0.667198662,-2.156805388,-0.697898571,-0.281006699,34,0.316,0.325
2021/4/8,-0.862857306,-1.28279018,-0.898478641,-0.456621798,22.01540125,-1.597343757,0.063311177,-2.353049741,0.40241503,0.408476442,30,0.341,0.094
2021/4/9,0.409650095,-0.567860697,-0.384311539,-0.36680463,-15.51491822,-0.722945951,-0.396354066,0.519481688,3.652616046,0.025474462,24,0.558,0.433
2021/4/12,1.867530932,0.74889718,1.840267373,1.209922305,90.92731592,4.750893401,0.522856297,1.177349876,3.681151781,-0.280576641,29,0,0
2021/4/13,-1.391717188,1.65923089,0.155538305,0.18136482,-42.9700079,-1.104983619,0.614417057,0.7288662,0.568016413,0.051072524,22,0.634,0.038
2021/4/14,-0.090456813,-1.320668328,-1.071438821,-0.659018406,1.716780362,0.574478396,4.469073812,0.434783294,-0.450230769,0.280433581,29,0.619,0.407
2021/4/15,0.788736483,-0.135287507,0.760119913,0.930450375,-44.895022,3.042442783,0.539246364,1.507025292,2.327039268,0.355781824,31,0.26,0.431
2021/4/16,0.55959855,1.855423742,0.621671629,1.123102551,45.31965109,1.496974971,-0.254281791,1.974676293,1.879861681,1.034709547,23,0.605,0
2021/4/19,-0.134018336,-0.555248511,0.287324764,-1.077935432,7.743174013,2.566965224,0.418473186,-0.139762427,0.056417491,-0.150753797,0,0.036,0.265
2021/4/20,1.221830151,-0.827467541,0.528286503,0.293090053,-67.37290947,0.645776223,-0.718458412,0,0.281611,-2.13476976,27,0.125,0.253
2021/4/21,2.24875757,1.736463935,2.89938094,1.961721402,61.31044729,0,-1.895575751,0,0.392927814,0.971377781,26,0.923,0.219
2021/4/22,2.536638193,3.150037792,1.649783612,2.95802341,-16.74329443,1.949818051,0.122399036,0.418702635,1.70342945,0.936834298,35,0.361,0.044
2021/4/23,-0.274001647,1.464838845,-0.294117859,-0.279000074,23.19714654,-6.006777725,1.079776288,0,-0.073461895,-0.025204789,30,0.899,0.23
2021/4/26,0.610207049,-0.126528908,1.254459269,1.831397012,-42.12134651,1.797625585,-0.69824206,-0.139372845,-1.854308648,0.226614726,31,0,0
2021/4/27,0.230487268,0.231847506,0.311171291,-1.167369725,-21.13090937,5.939362798,1.16606152,0.208986492,0.243013485,-0.403226353,34,0.105,0.059
2021/4/28,1.041025433,1.35914272,1.173698226,2.049728391,166.5206472,0.327928878,1.271615609,-0.139275789,-0.037348273,0.327745157,31,0.127,0.065
2021/4/29,0.475256603,0.331744032,-0.410256986,-0.335219254,-88.75019034,5.157517535,1.899490225,0.208841009,0.130657975,-0.428806307,25,0.613,0.27
2021/4/30,1.635693798,0.557334501,2.396540366,1.147639096,95.60310605,3.97919254,-1.929225581,0,1.884756457,-0.405269045,100,0.25,0.462
2021/5/3,1.189410252,2.057727693,1.018277741,2.843017944,-239.7895273,-0.837661959,0.459907346,8.973136478,-3.331470275,0.531579533,30,0.14,0.119
2021/5/4,-1.697696393,1.003218687,-0.019866892,-1.462548922,156.563529,-0.280787226,1.934976818,-0.190900472,0.264600419,-1.937353482,29,0.035,0
2021/5/5,1.717734465,-1.549170907,-0.737863553,0.469532352,104.5484372,3.513183927,0.116076624,1.955281465,1.906956272,2.139118998,35,0.692,0.058
2021/5/6,0.996818461,1.289300696,1.962207441,1.21458983,-93.53591062,0.887460443,-1.269626686,1.856488962,3.493805136,0,26,0.261,0.216
2021/5/7,1.02625728,1.233355598,1.228924078,0.401606965,-23.05236586,-1.652126985,0.278653843,1.158196427,-1.549859821,1.027706752,35,0.96,0.538
2021/5/10,3.45427493,1.802556643,3.186380414,3.156080491,5.566084711,4.502676285,0.058565155,1.563471415,1.011934909,0.024934547,38,0.153,0
2021/5/11,1.56209067,1.694303141,1.287451312,0.77369825,29.56123281,2.421649919,0.336085653,1.186253531,-1.102786192,-2.243885901,42,1.191,0.691
2021/5/12,4.205372862,2.78632483,3.730078565,3.204369333,58.69964634,1.722357126,1.117005884,1.230604455,3.97379678,0.356325142,36,0.493,0.042
2021/5/13,-1.460933189,2.746922393,-0.969138956,0.446844907,-57.05448585,0.239377732,-3.329485512,-0.174876174,0.226856393,0.101574412,18,0.447,0.358
2021/5/14,3.90180428,0.018061953,3.595534741,2.585639597,28.59322907,2.639687292,2.445613932,-0.350672481,-0.471740195,1.661251393,34,0.352,0.248
2021/5/17,-0.455342293,2.936415265,-0.19155426,1.366436219,11.56402473,-2.177517256,1.085629827,-1.059456643,-0.561996562,-0.149887612,36,0.249,0.11
2021/5/18,-5.83672103,-1.004679289,-0.401712181,-5.355148127,-17.88952958,-6.181527533,-1.085629827,0.118273225,0,0.12492194,42,0.412,0.1
2021/5/19,-6.515898402,-6.457395135,-6.395532873,-7.387612842,93.11058177,-9.052733208,-3.028967616,-0.711746777,-6.493780244,-1.890415464,43,0.213,0.068
2021/5/20,5.899937519,-4.384210855,-0.242831912,2.582984726,-48.06483188,7.922957487,-2.352692563,0.888894742,-1.039019454,1.389788636,40,0.15,0.115
2021/5/21,-1.851904777,4.062454166,1.613985504,2.247724845,-39.59975818,0.399265882,2.02211375,0.529568757,0.45471848,0.799804313,34,0.302,0.405
2021/5/24,1.851904777,-1.048127747,-1.539205167,-0.65930043,-79.34166337,-0.559419664,2.995034836,0.351494211,0.865806274,0.645163528,24,0,0
2021/5/25,0.783293822,3.037682861,1.410303575,2.744103872,48.06885293,5.836870143,0.277149911,0.29197101,0.784024923,-0.173288817,28,0.324,0.14
2021/5/26,0.72189115,0.592923731,1.753469584,0.697918517,5.406722127,0.301932597,0.319953734,-0.116686128,1.127866259,-0.198412764,31,0.36,0.484
2021/5/27,-3.433411065,-1.00260773,-1.993299973,-3.092439589,-72.80750616,-5.372393112,0.853037776,0.116686128,-0.682596507,0.247954503,23,0.233,0
2021/5/28,-1.558173297,-2.570544106,-2.316994532,-1.563142418,38.79347787,-3.545494791,0.244446164,0,18.36473467,0.691019532,28,0.705,0.449
2021/5/31,1.271448451,0.286779663,-0.911514097,2.143078317,63.86332715,3.748088858,-0.446204411,8.331163565,1.183083271,-0.765341348,25,0.237,0.124
2021/6/1,1.387723059,0.741800834,2.412480362,0.84453477,-159.9302691,1.218781726,1.332684337,2.751496329,0.391270989,0.863669773,20,0.185,0
2021/6/2,-1.963650932,-0.474879798,-2.164790419,-1.696262722,119.4686119,-1.803846379,1.553703571,0.624351664,-1.358903269,0.343390085,35,0.695,0.219
2021/6/3,-2.357175466,0.626366288,1.135300746,-1.527943536,17.03760223,0.079802095,-0.056077388,4.165152588,-0.153846184,0.048959609,31,0.451,0.389
2021/6/4,-0.513835123,-4.330852709,-2.283638724,-1.712166054,-71.48400052,0.047850707,0.810060296,0.743497849,-0.571297779,0.073394499,30,0.44,0.202
2021/6/7,2.928752867,-1.553197293,1.053145205,0.060222826,-225.1291799,2.736880483,-0.557959322,4.584638813,4.021481115,0.244260014,32,0,0.205
2021/6/8,1.166919028,4.895260809,1.136375865,4.397175488,282.5833237,4.9787118,1.015943607,-0.236127619,1.505785758,0,35,0.161,0.12
2021/6/9,2.479465861,1.272209317,2.78569545,1.411159954,-35.49128289,2.262374825,0,2.336554896,-0.190657827,0.024393219,34,1.264,0.35
2021/6/10,0.462749553,1.163021926,-0.495732219,0.453429834,-53.09804257,1.418666768,0.414537004,1.603699891,1.61634389,-0.073197515,25,0,0.137
2021/6/11,-2.014617661,0.61355589,-0.239565212,-0.472367435,33.73273029,-3.887928027,0.234143761,0,-1.645708153,0.729575221,24,0.752,0.54
2021/6/14,0.413689947,-0.968530573,0.294768084,0.264800609,-49.94940578,3.816758712,0.233596808,-0.913248356,2.135622678,0.242013671,29,0.594,0.283
2021/6/15,-2.913104612,-0.789181097,-2.514801428,-2.893753701,131.7049949,-1.955490061,1.539015736,-0.92166551,-1.331230772,0.193190111,28,0.378,0
2021/6/16,-0.077309629,-2.116178483,-0.586511945,-0.545916739,-56.24499892,-0.670165678,0.539157527,0,1.07216327,0.192817606,22,0.327,0.517
2021/6/17,-0.854374129,-1.10434136,-1.81910234,-0.765384955,-44.77368285,0.684684735,-1.776679269,-0.185356865,-0.781253974,0.120322479,22,0.188,0.241
2021/6/18,1.893044748,0.718240494,1.267298067,1.660680931,-20.00951559,4.193635597,0.586671988,-0.046392949,2.792877553,-0.024052917,15,0.614,0.265
2021/6/21,0.990107098,0.88581361,1.702651802,0.733594023,78.96074467,0.983591777,1.873243914,-0.698489452,1.708485752,-1.527117303,32,0,0
2021/6/22,1.839736514,2.030622957,0.933539267,2.225484145,21.39056103,3.268309069,-0.120232464,0.233372335,1.666131485,0.438704091,25,0.17,0
2021/6/23,2.334879486,1.417669705,2.550362978,1.34531177,45.45130375,2.568465196,0.506667751,0.696866932,0.408831314,-1.075804997,33,0.587,0.762
2021/6/24,0.832433327,1.580334249,0.95556483,1.437282896,-17.14821362,2.453401585,0.490879924,0.231213976,0.6371607,1.002821171,39,0.601,0.064
2021/6/25,-0.018022889,1.483921547,0.768615814,1.164072803,34.29447511,1.348561618,0.817191842,0.23068061,0.350735554,0,23,1.023,0.451
2021/6/28,0.754178471,0.394407109,0.266737955,-0.453104536,-25.59333741,-0.35114157,-1.988664238,4.19641991,-0.364249981,-0.806357454,29,0,0.167
2021/6/29,0.250134131,-0.250806294,0.460667009,1.012117803,-96.80902272,3.92931883,0.107066391,1.66524444,0.12156414,0.538293446,31,0.959,0.232
2021/6/30,1.311842958,0.089645905,0.809863581,0.017980761,75.84765282,3.652724353,0.493696379,4.835547605,13.93862497,-1.030178353,33,0.351,0.148
2021/7/1,2.229280755,2.285510059,3.395999874,2.485923468,-31.84537311,4.229755609,0.940591157,1.234583582,4.241771458,0.197044399,30,0.29,0.406
2021/7/2,-0.518046401,2.285813808,-0.390592328,0.942579853,-96.64405156,-0.71700957,0.434182644,1.098241667,-0.439908216,0.098376791,24,0.559,0.31
2021/7/5,0.896248674,-0.669932936,-0.136216605,0.709775333,-62.41543091,4.700030586,1.291350365,2.910311041,-1.589550631,0.245519397,25,0.063,0
2021/7/6,-6.815980354,0.926409096,-0.187601317,-9.568975848,157.1389845,-10.96367319,-3.467945914,-2.748629518,-0.535515056,-1.109615626,34,0.49,0
2021/7/7,-2.624138663,-8.23649603,-5.635541056,0.416746199,-27.57498519,-5.297054409,-1.486915743,0.684244972,-0.532593594,0.790322711,38,0.763,0.498
2021/7/8,-0.491494373,-1.532167491,-3.248886276,-3.032279912,23.90743734,3.619182951,0.935282995,0.67959486,-1.827604758,-2.11319237,30,0.11,0.174
2021/7/9,3.537226549,0.825056246,2.323541743,3.785579142,3.111990871,9.148502338,1.91092873,1.030528343,0.035463089,1.792876709,26,0.908,0.591
2021/7/12,-4.776636065,1.243404718,-1.173464144,-2.565461363,-55.06035952,-6.056213765,-0.517551417,-0.118366556,1.536416782,0.9089855,32,0,0
2021/7/13,2.163682813,-3.892566262,-0.963684256,-0.482393603,0.96154587,2.747233649,1.754083879,3.453301432,-0.888479074,-0.195838496,35,0.536,0.064
2021/7/14,0.971607045,1.257638527,3.979353287,0.674701355,15.48339733,-2.088485237,-2.287703075,0.494579665,-0.105739304,0.269179167,53,0.616,0.116
2021/7/15,-0.765286049,-0.018937601,-3.607605647,0.479157601,6.351340572,-2.565156679,-1.740582296,0.189573516,-0.648625424,-1.130510934,36,0.733,0.393
2021/7/16,-0.168776411,1.485129279,0.148312967,0.837780985,14.64286337,2.787678291,0.163198731,0.453515517,0.883450001,-0.59494474,34,0.456,0.8
2021/7/19,-0.886045951,-1.107056995,0.683100598,-0.64675896,25.13144283,3.336326925,-6.992510951,0.376364765,1.455290833,-2.696396191,46,0.414,0
2021/7/20,-2.337271146,-0.529702336,-2.874404685,-2.963323249,-37.8694867,-0.829408834,1.058210933,-0.754151387,-1.596119398,0.890024947,51,0.242,0.109
2021/7/21,1.767577239,-1.721871506,-0.303432814,0.841739334,77.11558907,2.28961674,4.06893253,0.377786622,-0.270477027,1.731753655,32,0.346,0.441
2021/7/22,-2.604565094,0.423647851,-0.133041928,-1.650980896,-31.30147968,0,2.136774901,-0.529301803,-0.626072567,0.768376565,31,0.145,0.128
2021/7/23,0.195274423,-3.202147857,-2.445015435,-0.178518346,26.29148747,-1.392342277,0.419231123,0.30280114,-0.320456034,1.373243748,30,0.575,0.586
2021/7/26,4.407848896,1.379332213,4.571353896,1.164525151,-133.0972495,5.01676045,0.538359308,-0.151285959,-2.381924231,-0.292683136,31,0,0
2021/7/27,-0.542818366,5.519954935,0.649533693,4.301738508,50.66502524,2.96663349,-0.026849242,0.377786622,0.340301738,-0.833951363,26,0.158,0.168
2021/7/28,1.711988221,-0.855500847,0.865646809,0.637064174,-68.06730063,5.167426367,0.348479109,0.225988797,0.25446848,0.907202495,24,0.518,0.575
2021/7/29,0.386705205,1.630269526,0.292986842,-0.056048577,44.59564695,3.631099256,1.737559465,0,-0.899592743,0.389769068,23,0.44,0.118
2021/7/30,-1.332119606,-0.497375991,-0.826223373,-0.581015598,-33.64722366,-0.815939252,0.367502711,0,-0.637022857,-0.609683635,22,0.816,0.882
2021/8/2,2.028093112,-1.263722449,2.404487425,0.487531436,39.80301296,3.438978588,-4.611459042,4.990030054,3.311881127,0.633993833,22,0,0
2021/8/3,-0.438998327,2.365661974,-0.144092244,1.779802264,-51.58131653,-2.632600023,-0.660704399,0.250223544,0.840589807,-0.024310198,30,0.749,0.104
2021/8/4,2.301451583,0.237161472,0.807831339,0.238597892,-0.836824967,2.20329465,-2.843527951,0.746935715,-0.425331454,0.605989008,30,0.794,0.082
2021/8/5,0.927253434,1.930945134,0.978568435,0.912415089,44.66231806,1.522212426,1.284693324,0.741397924,-1.16709673,0.458108095,20,0.833,0.525
2021/8/6,1.199732104,1.208044537,1.441403054,2.67064891,-1.626052087,-0.48014866,-0.831049223,1.22357758,1.616004749,0.336215494,17,0.905,0
2021/8/9,-0.070175441,0.475646101,0.695654979,-0.514231118,15.64898622,-0.705928995,-2.375952613,1.277421134,-1.915926994,0.14374703,22,0,0
2021/8/10,1.376928072,0.961966316,0.380557456,1.254322602,-20.11900411,3.903068191,2.276893665,0.171379648,0.813693612,0.215233851,22,0.715,0.489
2021/8/11,0.638428534,-0.139348568,1.047669523,-1.094450466,30.74846997,2.57524961,1.140295315,1.089929046,0.534855973,0.357696816,25,0.51,0.182
2021/8/12,-2.631501501,1.074906327,-0.222355347,-0.07102273,-21.47753016,-0.604655043,-0.182136653,1.612938193,-0.261127745,0.545995422,24,0.189,0.453
2021/8/13,-1.584085807,-2.196741055,-2.90127185,-1.287111083,-24.02155352,-2.564014759,-1.014807863,-0.200200267,-0.095124859,0.047337279,22,0.468,0.367
2021/8/16,4.86705541,-2.192015059,3.243152524,-0.216138413,-49.54912598,7.108884876,-1.541786429,1.425990007,0.522070479,-0.736257927,26,0.067,0.073
2021/8/17,-1.654069413,4.887596057,-0.034135518,3.385947843,131.00939,-2.044956926,-0.69294344,-1.292478638,-0.545865839,-0.047687173,27,0.132,0.126
2021/8/18,-0.191287772,-1.486630663,-0.359128218,-2.900291703,-8.887928947,-4.41673468,-1.165684189,0.033350009,-0.095238102,-0.167084416,22,0.39,0.298
2021/8/19,-6.489831896,-0.209205097,-1.85014355,-5.287169241,117.5692031,-11.24438515,-2.643456567,-2.738044967,-2.74088996,-1.613520857,19,0,0.163
2021/8/20,1.621258798,-5.876117586,-3.733767044,1.799823612,-89.52476261,4.910521952,-1.929711175,-0.964194798,-0.171526629,0.532688911,21,0.257,0.192
2021/8/23,1.721212888,2.73839674,2.416224928,2.64041742,31.33781382,-1.490627206,5.332406314,2.629483918,-1.208995728,0.937394197,28,0,0
2021/8/24,2.30834113,0.985582747,1.107898433,0.954532236,-63.63821578,7.54635107,3.2907118,0.101061151,0.519931847,-0.119688823,17,0.172,0.083
2021/8/25,-0.175685217,1.592108634,0.41884878,0.714416327,-21.56466399,1.807465846,1.674847245,0.268998145,0.885070314,0.047892721,26,0.244,0
2021/8/26,0.561109661,-0.58083416,0.763362486,-0.392297222,-60.19950109,1.549739898,-1.646702015,0.067136626,-0.503037684,-0.215698106,24,0.226,0.118
2021/8/27,3.656745934,2.078859038,4.047627282,3.286474495,177.6491997,4.974126524,2.26760777,-0.033562679,0.551979322,0.430931957,26,0.061,0.296
2021/8/30,2.923796308,4.181734961,1.711412513,3.916086457,-59.78370008,4.0937719,0.971878158,0.067114096,1.155379225,0.286259737,25,0,0
2021/8/31,-0.016373312,0.413668167,-0.065284807,0.182709128,-32.8115642,1.328176854,-0.573772066,3.104608656,18.46364891,-0.381862039,20,0.298,0.061
2021/9/1,-1.070057128,0.953170733,1.506955521,-0.432397148,88.93950471,0.031316058,-1.936704606,1.612938193,2.560679809,0.99929454,25,0.387,0.073
2021/9/2,2.306850761,-0.854144483,-0.241526565,-0.183501595,-136.5240952,3.27266935,1.991491622,3.737285306,5.407237869,0.212841513,35,0.694,0.179
2021/9/3,-0.32399186,1.749697159,1.154043903,2.555154256,56.25875583,-1.1811911,-0.576766224,1.802401016,1.337103235,-0.806455984,30,0.507,0.062
2021/9/6,1.577624478,1.272466231,1.140877531,1.181147944,-37.33455587,2.767034714,-0.538563754,1.710982757,4.322635646,1.042416452,34,0.092,0.039
2021/9/7,-0.528466279,0.876429799,-0.489616393,-0.338355273,64.00373552,1.722459883,-0.736574798,0.118976814,1.400329948,-0.425130541,37,0.48,0.163
2021/9/8,0.73588558,-0.508987897,0.70995013,0.499075334,8.074176398,2.332593987,1.261365397,0.474496738,1.545095116,-1.046880843,44,0.577,0.313
2021/9/9,0.477024279,-0.255468764,-0.393794318,-0.16072006,-32.39720739,1.767194068,-1.596701745,0.413345732,1.965230033,-0.119660179,22,0.324,0.354
2021/9/10,-2.929551203,0.922985547,-0.30032426,-1.981871235,-15.99646497,2.343069611,2.036504543,0.675380632,2.970556183,-0.215749814,26,0.285,0.071
2021/9/13,0.244718288,-3.055882689,-0.285352128,0.409333359,57.21702744,5.182229133,0.805850158,0.496278934,5.481796565,0.47881346,35,0.136,0.102
2021/9/14,-1.991343676,0.926609897,-1.181744829,-2.649161545,30.24477611,7.350657213,0.122357435,-0.40852114,3.662253751,0.023880597,49,1.145,0.35
2021/9/15,0.033239156,-2.109472383,-0.871254301,-0.842464966,-32.37870771,7.220081541,2.49576888,-0.881062968,5.680894677,-0.863314714,33,0.227,0.091
2021/9/16,-0.918126807,-1.49852954,-1.190005077,-0.781386683,7.732408343,-11.28460043,0.277906617,-1.545809615,-0.280014184,0.456566935,40,0.15,0
2021/9/17,0.318125007,0.535386924,-0.823320969,1.355034283,19.70343278,2.752524479,-0.437057844,1.01342149,-9.895508993,-0.02397794,26,0.885,0.526
2021/9/20,1.986162609,-0.568943971,1.444542519,-0.946592599,28.46969956,15.26578146,-1.902777493,1.442686586,2.060507199,-3.812778544,15,0.054,0
2021/9/21,-0.855831425,2.256608117,0.227901775,2.233697706,-130.0404689,-1.889610449,0.593473552,0.204409474,-0.722848877,1.262549263,28,0.921,0.251
2021/9/22,0.724640852,-0.509911459,-0.734397426,-0.016609916,82.41032434,-2.717958217,2.431205763,0.349447065,-1.144361784,1.416731072,39,0.067,0
2021/9/23,-0.082081594,0.526317004,0.685605036,-1.169603976,9.136410431,-3.723714807,1.381669529,0.492968955,0.539250979,1.229375493,28,0.878,0.616
2021/9/24,3.865838117,-0.180609194,4.811597288,1.318993995,-22.64438843,0.833243036,1.08150919,-0.20269299,-0.740287156,-0.890392118,24,0.665,0.396
2021/9/27,2.234293396,5.436990434,1.278612505,5.971683086,22.31435513,7.882221106,1.827230129,15.66320707,-0.816013854,0.241429378,28,0.497,0.107
2021/9/28,-3.826937348,2.307794728,1.020339317,-3.062030293,31.61972428,2.59243054,-0.554786444,0.272243702,-0.046831097,-2.465644252,36,0.068,0.106
2021/9/29,1.576842419,-3.54498849,-3.861483613,-0.533076135,-13.24992233,9.615665605,-0.570596869,3.018729707,0.218357725,0.419287826,35,0.647,0.363
2021/9/30,-1.78576174,-0.2998503,-0.362862274,-1.649420916,-29.55071987,15.50667773,-0.152710643,4.753323662,22.31279712,-0.369868502,32,0.129,0.201
2021/10/1,0.465453051,-1.625274781,1.38128079,1.308705084,-62.69925907,-4.029462345,0.963252061,6.378074496,9.181410932,-0.968109832,24,0.672,0.303
2021/10/4,2.170038428,1.625274781,1.162353265,1.89960638,14.17158019,1.892775083,2.466800054,6.116715039,4.317297262,-0.625549394,22,0.405,0
2021/10/5,2.077916288,1.537044062,1.377221462,2.348228614,109.0572044,17.84706571,1.587141117,10.25310877,11.72202128,1.64305414,40,0.42,0.476
2021/10/6,-8.952583645,1.406405996,-0.97740546,-7.855108964,24.96312096,-7.215480823,-1.808898015,-14.64692679,-1.596284902,-1.317280139,37,0.708,0.239
2021/10/7,2.043430185,-7.950571253,-6.417026483,-1.956676632,-25.57041027,-10.77811102,1.067298361,-1.894681478,-14.25559216,2.055290869,29,0.228,0.13
2021/10/8,-3.429289783,0.513799092,0.065434323,0.171673862,-40.64808522,-9.971479891,0.535476514,-1.145586937,-8.339641268,-0.368324542,38,0.915,0.575
2021/10/11,1.385859598,-3.054953918,-0.804535987,0.32537061,-103.5122335,-2.566288649,1.517735711,4.879016417,-9.058413349,-0.196995878,36,0,0
2021/10/12,-0.403633242,1.438386759,-1.244106616,0.715505608,25.27440211,0.249020189,-0.275333866,0.680906376,-1.004487881,-0.395159813,39,0.306,0.146
2021/10/13,0.185200827,-0.168152049,1.04608675,-0.442328043,55.38851132,8.232172543,-0.288115445,0.737557123,4.423227114,0.764209315,36,0.301,0.293
2021/10/14,3.860591594,0.620755286,2.511957228,1.925084779,65.60697628,8.867489184,0.980986453,-0.53213388,-2.444301899,1.583660823,36,0.426,0
2021/10/15,-3.290311618,3.887328317,0.177033924,-1.976248761,-86.87320366,-9.458841868,1.018604093,-1.488553431,2.339829151,0.770531142,26,1.033,0.286
2021/10/18,-1.46578313,-5.336140721,-3.584965289,-1.685916415,6.201757371,1.255104671,-0.626516619,-0.584919153,-9.211414278,-0.601469394,35,0,0
2021/10/19,-7.030301069,-1.143454732,-2.207520765,-5.693392175,56.88003339,-4.927275152,0.885431675,-1.754245557,-0.762209773,0.36131558,39,0.15,0.265
2021/10/20,5.697631423,-4.889315608,-0.358453913,1.873974607,-20.65729048,3.437212985,0.866008923,-0.81353478,3.622069283,0.072106721,43,0.297,0.314
2021/10/21,0.394816408,4.096618023,0.868312257,2.527274569,67.27862579,-5.453779945,-1.419961663,-1.778402975,1.519891089,-0.409293938,28,0.57,0.417
2021/10/22,0.461499836,1.220890412,2.577117189,2.670524575,-98.0829253,-0.989522849,1.081472866,1.196316606,4.916556099,0.840845795,26,0.536,0.508
2021/10/25,1.203506348,1.694668586,-0.696289285,0.818000471,2.087758502,1.812683829,0.536381883,2.519347593,-6.750200278,0.11954574,35,0,0
2021/10/26,1.355555859,0.285259024,0.712808654,0.372692283,12.23638957,-0.737380258,0.475666539,-1.337173697,-0.398838999,0.832842411,37,0.36,0
2021/10/27,0.182678785,0.534760633,-0.148772653,0.101402747,-16.45642502,-1.363099846,-2.128984377,-0.492664593,-0.795414745,-0.284765261,24,0.505,0.175
2021/10/28,-2.231449019,-0.451015548,-1.014224339,-1.497645419,-29.34457772,-12.92338168,-0.307874725,0.064398414,-0.873058035,0.237360662,34,0.176,0.213
2021/10/29,0.237248035,-0.722510074,0.050121127,0.308166654,68.58955172,-14.6096713,0.07113219,-0.150327528,7.536496018,0.449438959,26,0.294,0.659
2021/11/1,-3.076636924,0.185325636,1.508524255,-2.59754864,-37.96015975,0.893693158,0.390325175,-53.68802926,-0.16542601,0.916252152,30,0.2,0
2021/11/2,4.271233447,-2.920538885,-1.291622527,0.873367997,117.7016994,3.410455251,0.011804285,2.72002263,1.576905212,0.303561237,31,0.132,0.512
2021/11/3,0.600301953,3.675132891,1.110477973,3.284592223,-79.59608511,12.68726147,-3.275441269,6.74412808,-0.130463163,0.279394827,24,0.055,0.136
2021/11/4,0.049862878,-0.16719616,1.780656376,-0.286509002,-20.40679324,-3.733960433,-1.784333318,-1.008411907,4.105173314,0.533334598,23,0.359,0.059
2021/11/5,-0.750566446,0.783402623,-0.373104496,0.639302312,38.32352952,1.008041297,2.694920561,0.168776411,-0.188123213,0.599494532,26,0.575,0.737
2021/11/8,2.038350463,0.066390044,-0.162654558,0.884887651,25.40109379,5.819104028,0.830479588,6.052542039,-4.028077771,-0.045987584,26,0.351,0
2021/11/9,-0.345082916,0.132648005,0.438561574,0.116288741,-44.48743404,-8.06425261,1.605170901,-3.554493742,-0.484738274,-0.299435903,29,0.254,0.077
2021/11/10,4.395781344,0.165562952,3.001502457,0.132736041,27.24937827,-3.922498712,-2.556584111,-6.734948574,-2.675166183,0.138312608,23,0.477,0.106
2021/11/11,0.847063888,4.322109948,1.001573318,3.406734791,-60.01811898,7.155283974,0.277929005,-0.07039775,2.1418667,0.18411973,32,0.496,0.362
2021/11/12,-0.689657906,1.353285798,0.914522378,1.637166027,-0.81967672,0.371728447,-0.848284292,-2.135312447,2.464752794,0.390132451,19,0.489,0.332
2021/11/15,4.068357664,-0.062539089,3.72544596,0.800820799,67.55027166,5.386920603,-0.146145441,-0.252116107,4.920106469,0.16020143,31,0,0
2021/11/16,2.402204284,4.375793691,1.226284112,4.030888198,-15.60722456,15.82787892,0.462063079,2.034694502,5.191239267,0.524576411,38,0.357,0
2021/11/17,-0.56179923,2.00080776,0.920857198,0.793001837,29.19568881,-0.375846095,-2.64289244,1.019520169,5.921965073,0,45,0.298,0.205
2021/11/18,2.821205889,-0.854706058,1.099707219,-0.717921121,-18.52508888,0.329985053,1.188721278,1.251319768,-2.979311039,-0.410303744,30,0.181,0.049
2021/11/19,0.388405868,2.773090714,0.873993671,3.365134525,-34.77567905,-8.840745303,-2.935325961,0.344827928,-1.377369527,-0.52673888,27,0.317,0.639
2021/11/22,0.815047051,0.888512581,1.949489625,0.996470084,15.68173481,-3.873429328,1.021510869,0.856903273,0.571462782,-0.298953885,32,0,0
2021/11/23,-1.045031341,0.29916683,-0.772421508,-0.706614808,52.69400921,8.127682404,3.222302119,2.360986564,-0.898663785,-1.228146592,31,0.309,0.304
2021/11/24,5.242231575,-0.52770571,3.531978513,0.216841429,4.458847732,2.721842372,-0.072921734,-0.267022856,3.463916672,-0.280177629,36,0.62,0.117
2021/11/25,2.107901313,5.087850796,2.539605751,4.586341679,-1.438873745,-0.729167676,-0.036480818,-1.075279178,-0.646349829,0.280177629,36,0.278,0.161
2021/11/26,-2.258225906,1.081383882,-1.147597329,-2.514098896,-60.76625214,-5.082938997,-12.27821316,0,-0.650554703,-4.897670523,29,0.809,0.47
2021/11/29,1.923396691,-0.242293832,2.058915793,4.831857727,60.53715697,6.096360487,0.985229644,-15.30251873,-0.892963998,0.537241829,37,0.25,0.052
2021/11/30,1.583848907,-0.107874876,-0.329229243,-0.89346743,12.55678101,0.957106495,-3.98636213,-13.37563898,23.58358667,-0.708789476,40,0.417,0.219
2021/12/1,1.92250739,2.438982762,3.81750437,2.762680731,-31.24870762,2.576565364,-2.438445546,10.25663365,-2.299786115,2.423186168,52,0.492,0.07
2021/12/2,3.874730498,0.73462222,1.998683841,1.183445765,36.82209349,-1.002844293,1.154913949,0.929863179,-2.100557144,-1.568375736,36,0.213,0.114
2021/12/3,-2.026628617,4.971709532,0.558487334,2.427805194,-21.55196262,-5.602433089,0.300967622,-2.23814022,1.072021453,-1.075804997,33,0.784,0.362
2021/12/6,3.756134358,-1.59201106,1.681330642,0.458249274,21.74310635,0.514184757,4.477524624,0.574478396,-3.92392576,1.851002677,39,0,0
2021/12/7,4.420145834,3.915267173,4.48591064,4.421982217,22.83495817,5.865918019,3.178290682,5.492825112,1.834563204,3.06546517,43,0.344,0.064
2021/12/8,4.658925499,3.978135604,5.92958636,3.826222048,34.38268015,6.486380227,0.502447176,4.134857932,8.998539495,-0.916898395,37,0.577,0
2021/12/9,-10.0265958,5.243113349,-0.48367688,-6.161915198,4.116676267,-1.63430173,-1.863738717,0.259788604,-3.940244558,-0.63973681,39,0.378,0.208
2021/12/10,4.224531347,-10.71472756,-7.135693878,0.099453017,1.028815659,4.836056896,0.976139328,0,-1.022309532,-0.166527932,36,0.762,0.406
2021/12/13,-1.975047742,4.485922121,3.37437483,2.114659571,-46.61217161,9.144720865,-1.0164592,1.179085141,9.607868914,-0.453407291,35,0,0
2021/12/14,-3.193589996,-2.968145127,-4.110807663,-4.097407421,13.55684681,9.347512984,-0.931872501,2.923868273,-0.471952853,-0.696030651,37,0.882,0.086
2021/12/15,1.326657608,-2.422199934,-1.974540433,1.509462622,29.79567421,3.541967312,0.243935614,0.814884934,1.290500088,0.240558211,27,0.444,0.129
2021/12/16,5.417741804,2.251987127,4.528672095,1.265368577,20.02540355,7.034892252,1.531258932,4.282422302,7.483922506,1.146691972,34,0.853,0.756
2021/12/17,-14.6634178,3.667615271,-0.934040649,-10.20512919,20.90809104,-4.140402285,-2.019726661,-1.292974801,-6.003799522,-1.194757342,42,1.311,0.982
2021/12/20,7.881567538,-14.1523023,-4.192230639,0.231813017,-42.10351325,7.518224063,-2.758034718,0,-3.930951629,-1.697010422,20,0,0
2021/12/21,1.055713711,8.444050757,1.33659341,6.166562961,-44.2704903,19.46257583,3.381765554,0.682596507,6.319946379,1.576745825,41,0.716,0.237
2021/12/22,-5.211295057,-0.560434869,-3.288236382,-3.439182246,55.90603866,-4.385020313,1.755253746,-0.034019391,-0.600839818,0.886551871,22,0.329,0.196
2021/12/23,-3.133312043,-3.262331573,-3.0650829,-1.603240753,-48.11127264,-28.35426816,2.050814612,-2.899754433,-3.190474426,1.350571411,34,0.712,0.758
2021/12/24,2.454192286,-3.679784422,-1.13828677,0.349556688,-210.1774332,-19.53545211,-0.928171903,-0.526779093,-2.13373697,-0.023537719,0,0.334,0.339
2021/12/27,0.796192942,1.554125721,0.337662658,0.708796013,42.21321606,-8.078103807,3.179794848,-0.919709348,-6.688785724,0.703732672,23,0,0
2021/12/28,3.034609656,1.21832908,3.265179746,1.547138298,23.89952087,-2.844525287,0.43163708,-3.692058861,-0.326907436,0.536194314,12,0,0
2021/12/29,1.340452266,2.988742947,1.46988197,2.462540194,109.9335093,-2.927813462,0.366694474,2.007733073,-0.350483396,-0.817093375,22,0,0
2021/12/30,-0.249190261,1.71651148,-0.272412254,1.448932314,-48.28019424,-10.30854184,0.113528867,-0.253302108,-0.496368512,0.514380372,17,0,0
2021/12/31,0.609416723,-0.648058101,0.741201664,0.377834203,-83.91345497,-20.91691949,-1.960597492,-0.326619779,0.171751455,0.215485946,0,0,0
2022/1/3,4.081703481,-0.225309896,3.803658039,0.313774967,99.49566323,18.38806432,1.531032713,-13.64957446,-16.40289095,0.643685716,56,0,0.145
2022/1/4,1.065603263,5.069787907,2.803922006,4.902882766,56.33306086,5.447710348,1.283197882,8.081164274,3.662035247,0.507381162,94,0.029,0
2022/1/5,3.096078936,2.296244547,1.996074256,1.727036064,16.33172417,3.127385456,0.995033085,5.386492726,-2.330091666,0.756277238,36,0.457,0.221
2022/1/6,-0.963752297,1.811204844,-0.850586359,0.070339979,-43.27227809,5.124854065,1.462032308,4.416672243,2.744722037,-1.611082027,29,0.622,0
2022/1/7,-1.533487299,-0.768925577,-0.216635396,-0.140729471,16.73987142,-8.998425172,-0.293147883,-2.32650606,-1.700107921,-0.511748035,37,0.45,0.369
2022/1/10,-6.442926308,-0.786494917,-0.698702802,-6.559529338,67.04661252,-4.315848952,-1.082288267,-1.183870329,-4.81097348,-1.125715452,51,0,0
2022/1/11,1.499501422,-5.636639949,-2.97484754,0.400200634,-27.57982005,-7.90596084,3.463497047,-1.857638557,-3.359703982,0.7050558,40,0.283,0.167
2022/1/12,-1.599438969,1.584432902,-1.443164173,-1.218072447,-15.23784467,-5.538813277,1.128345008,2.181904739,-3.3306796,0.769862662,34,0.44,0.445
2022/1/13,0.685062155,-3.069608716,-2.198424605,-2.04218967,21.70765975,13.00178934,-0.236490591,6.880100656,-0.297732203,0,100,0.129,0.163
2022/1/14,1.869213301,2.280530266,2.809241523,4.968013062,-0.439912727,1.52992575,1.864828567,3.367766272,1.243406874,-1.074776701,28,1.128,1.347
2022/1/17,-1.844390166,0.789078449,-1.201215645,-2.00775117,-45.68638822,-12.13267598,0.486844592,1.290340484,-0.747677868,0.84211024,32,0.193,0
2022/1/18,2.56062995,-2.820542584,0.265508242,-1.107765608,107.3618998,1.704938171,1.183989922,3.959046727,-0.250473409,-0.936117297,43,0.441,0.402
2022/1/19,-0.70405729,2.941388521,-0.205103528,2.252911306,-37.47917769,-3.688130154,1.057128344,-0.339454114,0.401618653,-0.094095514,28,0.56,0.294
2022/1/20,4.175224753,-1.779016091,3.75703368,-0.334717972,-1.745798981,-0.889240562,-0.067865629,-1.400801116,-3.752363527,0.890352648,46,0.582,0.333
2022/1/21,-1.317201215,4.648089736,-0.372917342,3.35786385,-43.76787281,5.527408379,-0.555966713,1.586100736,1.454897688,-1.717487223,24,1.03,0.379
2022/1/24,-0.5341576,-0.955139624,0.929698736,-0.312688168,27.90887074,17.15582955,-1.860411949,0.737783857,-0.017833259,-3.796853116,75,0,0
2022/1/25,4.001233572,-0.118553659,1.890632081,0.708158754,5.582335586,0.275494509,2.212504992,0.823552009,-0.967749488,0.418153358,40,0.56,0.542
2022/1/26,1.374162785,3.57701093,2.133713739,3.548304574,-0.64079963,-2.785143917,1.975816408,0.816824992,-0.006002941,1.944640765,37,0.352,0.649
2022/1/27,1.233061246,0.604783038,-0.055570993,1.455362879,-25.39710151,0.359802725,-0.691581117,0,1.288339423,0.216424276,40,0.758,0
2022/1/28,-0.603421207,1.692087749,0.753132367,1.108734064,-9.964738035,-0.245801025,0.76936322,0.330877125,-0.380002832,-0.868521744,33,0.766,0.519
2022/1/31,0.022413986,-0.033562679,-0.753132367,-0.881461239,-10.38921695,-7.738771131,1.302159207,6.819174987,6.950830476,0.386941232,34,0.043,0.035
2022/2/1,0.313269444,0.413154515,-0.011117905,-1.072702287,23.21323759,-11.62638534,-2.273203167,-2.126231765,-8.769771881,1.485413033,37,0.567,0.474
2022/2/2,5.106426906,0.289306978,5.072608886,2.76098099,59.10128744,1.705599492,0.347086504,1.591847144,4.362173065,0.308678863,43,0.463,0.477
2022/2/3,0.634855587,4.6141156,0.337624292,3.83188643,-60.27141781,4.705376016,1.816419417,0.084566601,-5.458608487,-2.05995308,50,1.084,0.42
2022/2/4,1.714985042,0.676749966,2.660726488,1.429052793,23.31431842,3.931847842,2.343094501,3.079727375,-0.325143687,-1.462727201,38,0.946,0.453
2022/2/7,0.258866311,1.806743314,-0.720538372,-0.786652297,-13.77918513,-3.378288395,-0.623792085,-0.273597982,-12.26878182,1.074753872,45,0,0
2022/2/8,0.237566605,0.392521938,1.73080259,1.640682476,22.13312104,-4.128857741,-2.082159486,1.953399063,-2.297820945,0.048579063,46,0.304,0.725
2022/2/9,-6.543992112,-0.734650725,-0.907752676,-5.381061961,16.13804188,-3.52948845,0.844627409,0.8827127,-0.992971691,1.709443336,39,0.165,0.056
2022/2/10,-0.011015036,-5.157209642,-4.377203835,-1.125297374,-21.03849859,-0.771600138,-0.153038945,0.21282264,-1.964756717,0,38,0.377,0.644
2022/2/11,2.276166876,-1.044252413,-0.042826553,-0.843886865,-14.4727489,4.231167918,3.260983055,0.714950748,-4.829972947,-1.055925338,38,0.793,0.983
2022/2/14,-1.202419297,3.474833854,0.661759273,1.569538946,-6.662235615,3.780010835,2.137102076,0.447545831,-3.646441074,-2.26922022,45,0,0
2022/2/15,-0.677968699,-2.397782009,-1.338708078,0.455025479,11.2396042,-12.17737358,-3.373001038,-1.962927747,-1.009219619,1.78554334,60,0.268,0.293
2022/2/16,-1.414388219,-1.309365684,-1.67431613,-2.852843966,17.17496179,-2.350541894,1.626916633,-1.620343309,-3.04044342,0.217944147,54,0.242,0.043
2022/2/17,-3.8802372,-0.499640189,-0.836732835,-2.270075011,1.724180643,7.360717922,-1.959802846,-0.32724327,0.974489502,-0.728335339,50,0.362,0.337
2022/2/18,3.445284192,-4.182427758,-0.877247311,0.418702635,-39.08525455,-1.78576174,0.611229183,0.571974867,-0.453029892,-0.881062968,45,0.827,0.57
2022/2/21,0.23444052,3.32165446,1.428516624,2.135802853,-6.8758926,-1.691372244,1.958459886,0.568721912,3.00684352,-2.287518939,37,0.132,0.206
2022/2/22,0.1003065,0.927536403,-0.739395301,0.090847156,11.18058651,9.587057555,1.508638091,2.05807077,0.982519986,-0.050314466,39,0.456,0.138
2022/2/23,5.73626186,-0.122433094,5.683837051,1.621291987,30.11499147,11.06191919,0,0.869227124,0.285171296,-0.226728904,43,0.226,0.294
2022/2/24,-8.836057557,5.640328107,-0.587743086,-3.859548984,50.06245152,41.16181109,2.286747255,1.276890313,3.314188969,-3.62088599,40,0.456,0.125
2022/2/25,1.267357261,-7.381651666,-5.740612254,1.050757315,-86.84967173,-35.59165096,-1.167466689,-0.051800053,-2.439995569,3.545195309,26,1.037,0.866
2022/2/28,-6.964951025,-2.64109966,-4.212347281,-8.307202533,54.57616187,5.280401258,3.076856431,27.5627846,54.2681644,-0.887317268,41,0.058,0.063
2022/3/1,-17.7346724,-3.963969782,-1.842450757,-19.38707688,78.10604273,19.84660787,3.865309301,21.42546039,4.220826376,-4.080077414,48,0.325,0.494
2022/3/2,-0.524247596,-15.76880022,-17.38064507,-18.23215568,-0.254582622,30.66658497,7.309356269,32.62157365,25.09502861,1.552867104,47,0.663,0.589
2022/3/3,-1.678484635,-2.657247907,-2.093348068,14.35492279,-65.78361375,-2.570505235,-2.211469326,-21.01979263,5.839460942,-2.405296346,45,0.884,0.752
2022/3/4,-3.397835364,-4.00944572,-1.08515859,1.267721806,-12.31802021,18.10405214,6.696292915,20.09918774,19.98191625,-4.907110251,39,0.918,1.134
2022/3/7,-11.03224559,-2.625064387,-6.692717327,-12.36712548,28.44064658,15.88851164,4.227382301,-1.70226799,7.907881128,-1.158696021,42,0,0
2022/3/8,16.13776267,-11.33597948,7.489649749,-0.564773827,-21.53208256,-5.346811374,3.798378507,3.193976661,-6.280135051,0.085239386,42,0.422,0.847
2022/3/9,6.594243958,16.97574763,7.477780941,17.37301841,-6.381151274,-31.40981047,-14.10833339,-4.901798055,-19.44955931,6.060791519,35,0.644,0.277
2022/3/10,4.319141807,6.41984898,2.656251313,3.364365866,-9.947165065,-22.97704719,-1.641983641,-12.87581139,-7.870474703,-2.709458617,40,0.549,0.658
2022/3/11,0.457009348,4.581159385,1.706790851,5.852399424,-38.41345966,4.662411979,3.009236073,-0.970682309,-7.042217289,1.363905485,35,1.112,0.488
2022/3/14,1.960847139,0.092147706,4.389419356,2.809173487,-13.95150039,-13.81622453,-5.256937415,-1.83008019,-6.960969999,1.425713457,36,0.115,0.263
2022/3/15,-1.091784013,1.307208157,-2.925823392,-1.060877209,24.42916041,1.276332151,-6.762403729,-6.086076275,0.84772634,-0.106894719,36,0.796,0.465
2022/3/16,0.938370534,0.660153844,-0.050549729,0.319446565,-9.13954907,-13.0578655,-1.909824126,-7.485174311,-3.780139173,4.00944572,31,0.719,0.757
2022/3/17,2.189268076,2.131678138,1.355952979,1.411912351,5.39039731,3.657228962,8.428713639,1.273902578,-0.048268373,-0.154241676,39,0.585,0.059
2022/3/18,-1.259621139,1.0302893,-0.237218415,2.586797108,-22.39835346,-1.52489945,1.202419297,2.500130221,0.008046347,-1.008411907,36,0.562,0.501
2022/3/21,-0.635810891,-1.612938193,-0.325529272,-1.026703064,-31.1779624,-8.785430422,6.882608282,-1.806339989,-0.040238211,-1.176330386,33,0,0
2022/3/22,2.867039075,0.418331091,2.060393106,1.396295022,28.13853889,3.613301924,-0.121159686,1.497220732,-0.177240731,0.733563677,32,0.586,0.352
2022/3/23,-5.17696822,2.313326041,-0.122925645,-3.574121201,50.38713417,17.22106822,5.163961474,1.184902684,1.611744782,-1.313734081,26,0.846,0.879
2022/3/24,2.118394898,-5.435568479,-2.566479472,0.065897861,-62.09102039,-4.677058327,-2.136140735,-0.552233341,1.625220229,0.132152788,32,0.389,0.208
2022/3/25,0.459067371,2.117847751,-0.227416396,1.737129818,11.86618,-11.26371338,1.351822989,-0.061547932,-1.498346847,0,22,1.29,1.053
2022/3/28,2.772902081,0.560653864,3.639023074,0.825278701,17.41803992,3.798292316,-7.011836401,-18.34611932,0.170233023,0.78927008,35,0.194,0
2022/3/29,1.095328162,2.757066864,0,2.910861047,14.98596649,6.935357734,-2.020633609,-0.779658674,-0.154385162,2.484599859,32,0.293,0.083
2022/3/30,-4.23786931,0.185242412,-0.452295863,-4.29447399,38.97043406,7.250957184,2.879311925,1.240871557,-0.162559757,-1.260466849,28,0.66,0
2022/3/31,-2.364604002,-3.184024297,-1.381714555,-1.906071508,-5.748552429,5.52539468,-5.006466485,0.495732219,-7.804412419,-1.040862897,41,0.426,0.382
2022/4/1,2.59419594,-1.942058336,-0.773167588,1.305312224,-74.61244495,-15.11927887,-3.316366096,-2.823367329,-9.970870181,0.365535655,24,1.201,0.802
2022/4/4,0.012739665,1.571994747,-0.602714029,1.042490546,-7.999342838,-5.290634984,2.963599298,-1.289361814,-13.64541519,0.959675372,34,0.042,0.301
2022/4/5,-0.574897783,0.687988444,-0.581029802,0.388149019,13.68889783,-0.748512645,-0.831120253,10.18811874,-1.433677087,-1.220635854,36,0.54,0.411
2022/4/6,-1.120929085,-0.956823017,0.782338375,-0.9471365,9.784632116,-1.170963843,-5.364532978,0.189410302,-0.049615481,-2.299559502,46,0.15,0.351
2022/4/7,3.513599717,-1.082624313,1.05027222,-0.483503065,-1.223256844,-2.508008218,-0.485991534,-3.483331078,-2.365785726,-0.616872011,30,0.602,0.393
2022/4/8,0.187464905,3.13801258,0.718803442,4.06857526,-33.63696778,-2.142799992,2.163735082,4.968887297,-0.822069998,1.468847346,35,1.262,0.618
2022/4/11,-2.708340683,0.15058354,-1.017757327,-2.495991029,15.22002609,-7.037213675,-4.273729969,1.680711832,1.508545798,-0.478342661,27,0.065,0.092
2022/4/12,1.350683123,-2.668519207,-1.091262005,-0.906741964,-1.178308207,-0.877033158,6.067240583,6.453852114,-0.556697251,0,28,0.577,0.34
2022/4/13,-2.007098377,1.938588959,-0.15145781,0.49325126,-5.382465001,0.91458303,3.880160629,0.420987602,-0.986011275,-0.24003212,19,0.479,0.204
2022/4/14,3.214812138,-2.286908991,1.354932283,0.194036669,0.590746713,-18.41534463,2.648921208,0.372729116,-1.18581861,0.850842676,28,0.681,0.271
2022/4/19,0.287195053,3.504675594,0.868491811,2.728021308,18.47183332,-2.236387346,-4.065414827,-0.015502674,-6.315259402,-0.477707915,30,0,0
2022/4/20,9.076575026,0.37364597,8.917087189,0.338962097,50.84288474,2.591187369,-0.420463128,1.492679865,0.343158619,1.662088124,42,0.403,0.03
2022/4/21,-1.583873349,7.263284903,-0.919468422,7.005342767,-72.84488815,5.994978207,1.422419743,-0.152858483,2.00460914,0.989333766,37,0.271,0.11
2022/4/22,2.907347223,-0.591340352,2.477883279,0.198447506,41.46879831,-9.71172863,-1.562967904,-0.061208877,-0.571241143,-2.385746919,23,0.529,0.584
2022/4/25,-6.415652871,2.41280087,-1.762011806,-4.106497836,7.378804381,-11.09579636,-4.144728765,-0.199187992,-0.519952804,-2.253918864,40,0.23,0.037
2022/4/26,-0.902696146,-4.066118708,-3.537846637,-0.426180249,-5.076799233,6.419619774,2.575995026,-0.384172582,-0.236686501,-0.790087205,31,0.708,0.362
2022/4/27,-2.076790986,-4.016701083,-3.960084404,-3.919630833,-2.436443887,-8.894748602,0.31382271,-0.370199405,0.490954709,0.054689638,29,0.216,0.218
2022/4/28,2.040513097,0.282677015,2.089321819,1.386285591,-9.742002729,-15.10591435,2.132437198,-0.216584243,0.066487355,1.33063742,30,0.377,0.665
2022/4/29,2.118190844,1.812150532,2.560460801,2.947374085,-23.02124714,24.07400362,1.613458686,0,0.138876332,0.77925962,25,1.157,0.827
2022/5/2,-1.683722384,0.744479903,-1.101100501,0.18211624,-39.37111837,-3.501768145,-1.622753662,-21.72757148,14.8644691,-1.864163128,31,0,0
2022/5/3,6.017115848,-0.347534654,4.783620658,0.339065474,77.50332067,-1.195046326,-2.45601618,8.588808788,2.338656684,1.084903508,33,0.339,0.148
2022/5/4,0.135977358,5.659135967,0.291512708,3.853698743,3.835401318,1.921611591,4.807768879,9.559914611,1.767462108,-0.703846977,30,0.496,0.197
2022/5/5,0.677127065,0.621998047,2.945444852,0.983861169,13.3071164,4.321109814,0.687661052,3.00417849,1.22530491,-0.873129694,33,0.638,0.453
2022/5/6,2.915141309,0.640559588,0.498808234,1.803495977,-17.01510212,-18.97484544,1.334607117,-0.468384931,-4.188672313,-1.074538511,22,1.348,0.546
2022/5/9,-5.063805793,2.325171182,-0.249093105,-2.149636856,23.83081216,-6.606210545,-5.910206941,-2.74467931,-3.420298882,-3.065913037,31,0,0
2022/5/10,0.367057076,-4.900907836,-3.902988339,-0.893951504,-38.37952502,12.44682254,-3.340041761,0.737182826,-1.66303924,0.768249617,25,0.473,0.583
2022/5/11,1.691588272,0.584495389,1.510687265,-4.593709519,39.77443305,-4.224648396,4.811138799,1.850879381,-0.027051154,2.436071747,40,0.169,0.371
2022/5/12,-0.643742694,1.215302595,-1.10560063,5.707022653,-28.76820725,22.81403495,-0.055824341,2.017135886,4.491511592,-0.5269739,32,0.478,0.707
2022/5/13,0.248953393,-0.577414568,1.615184097,1.021178055,-49.22366482,-16.76757014,3.744729779,-2.017135886,-2.913209557,2.336233779,25,1.4,0.48
2022/5/16,1.213225396,-0.421005344,-0.165883367,0.034240713,7.549447198,14.87567622,2.382857771,1.555241301,-1.27574629,-0.572130698,29,0,0
2022/5/17,2.383166626,3.032236802,2.621668445,2.234351583,28.28337808,7.259333277,-2.042782269,1.637749929,0.768469805,1.679801081,38,0.609,0.101
2022/5/18,-8.033348988,-1.65071783,-3.009803116,-7.9401244,48.05063514,-1.770150521,-2.551712823,0.741136267,-0.687583285,-1.461460383,38,0.359,0
2022/5/19,-1.74000338,-5.01574953,-5.070866999,-3.204103956,-11.38263215,-7.553772219,2.649940272,0.060259116,-2.00355134,-1.400160142,35,0.512,0.681
2022/5/20,-3.411714397,-1.273296194,-1.590607909,0,-41.24581436,-13.14171018,0.454161696,1.301731556,-0.446441616,0.661341622,45,0.522,0.65
2022/5/23,-2.825973347,-4.082199452,-1.833814198,-2.988320615,2.34080909,-9.144499099,0.770017523,-1.196365398,-2.857657474,1.418076668,44,0,0
2022/5/24,3.976193189,-2.577853133,-0.012097018,-0.541308191,1.934887247,1.2072285,0.123358902,-0.391920912,0.363120966,-1.363161784,44,0.33,0.904
2022/5/25,0.098328425,3.422578653,-0.036299837,3.691673092,-36.03557969,8.557135136,0.413024006,-0.120900725,0.096232778,1.037693637,44,0.28,0.361
2022/5/26,4.044846039,0.382740143,3.074598713,1.016117789,53.48302054,-3.020718542,2.912533572,-0.015122873,0.028286143,1.697010422,48,0.439,0.141
2022/5/27,-0.662881215,4.482138002,0.140729471,2.844139203,-63.99497282,5.985467183,1.714351829,-0.257439379,-0.368345414,1.589858607,37,0.711,0.515
2022/5/30,-0.273532905,-0.602731837,-0.328677371,-0.432329243,-9.957629486,7.865737392,1.858203612,-7.474968965,7.791363809,0.941922192,46,0,0
2022/5/31,0.059527355,-0.427655677,-0.058806235,0.492227418,10.67792072,10.19129547,0.957023377,8.455738803,2.467820218,-1.469071541,62,0.238,0.372
2022/6/1,2.422223067,0.261562389,3.058625824,0.370570025,6.184350528,-13.91851124,-5.479562427,-2.078509174,-4.624434772,-0.822613104,43,0.394,0.186
2022/6/2,0.301589371,2.265754024,1.134570827,2.136656861,-47.09035843,-1.154030791,1.128699456,0.306138307,-2.191809111,1.112889069,53,0.167,0.378
2022/6/3,0.611975814,0.220302715,-1.488917657,0.431210971,-60.03502513,-1.167504301,1.778161712,0,-2.842949664,-0.448964177,46,0.189,0.208
2022/6/6,-6.466899279,1.002601311,-0.137504319,-5.694637336,127.83777,-3.586594916,-0.175563311,1.952388917,-0.753395242,1.627759752,29,0.171,0.167
2022/6/7,-0.147474526,-5.855561359,-5.032212478,-0.741384837,11.82568891,-10.03070464,0.883044725,-2.24319803,-2.74384612,-0.968213765,64,0.164,0.35
2022/6/8,-1.862020033,-1.630237735,-1.152156339,-1.915791392,41.42694054,-4.809703002,2.46582225,1.158196427,-5.242894294,-0.52728833,78,0.337,0.744
2022/6/9,1.492379395,-0.831425029,0.267998699,0.391143013,-35.28488967,14.80057758,-0.413542045,-2.144033124,4.66851691,-1.598755076,80,0.114,0.41
2022/6/10,1.043786722,1.041288695,0.727275933,0.927557415,-27.68784562,-2.944460652,-0.86502906,-1.717450489,-1.111188217,-3.498580372,51,0.558,1.249
2022/6/13,-0.391677367,1.23783675,-0.678625968,-0.425106917,11.94978543,4.981860253,0.212870557,-0.110297025,-0.035667579,-2.535347069,43,0,0
2022/6/14,3.150722325,-0.341630396,2.710973266,1.788201132,-2.657161161,24.58491416,-0.903719591,1.827747514,4.05484569,-0.830831308,54,0.579,0.679
2022/6/15,2.406925703,2.343385406,2.892667281,2.323564178,10.45033553,27.11896561,-2.219717304,2.883714963,8.26436833,1.569890954,46,0.561,0.221
2022/6/16,-3.782956987,2.871461111,-0.09201749,-1.221961851,-1.164415707,-9.841064425,1.090980945,-0.542905873,5.899067498,-2.669120999,49,0.656,0.184
2022/6/17,-0.761931484,-3.903511553,-3.180066893,-0.426960087,-21.4397747,-14.64187558,-5.74579525,1.30701177,-0.960995271,1.070457206,38,0.462,0.54
2022/6/20,1.959550589,0.721156972,1.356872921,1.335781853,-1.321758373,-0.476853675,0.888894742,3.042786371,4.741451532,-0.722024797,48,0.55,0.207
2022/6/21,0.865293137,0.989104173,0.117123462,0.769049693,-1.98026273,2.468775493,0.454585974,0.043424767,1.531807832,0.808318489,56,0.979,0.208
2022/6/22,-3.421496942,0.201386078,-0.704807334,-2.84103119,41.82402996,-11.43279214,-2.570926527,0,1.714460815,-0.692443621,58,1.051,0.2
2022/6/23,2.710846077,-3.308572459,-0.686068459,0.43010819,-23.53236818,1.738423092,-1.523993606,1.294051128,0.662955331,-0.755597899,58,0.426,0.226
2022/6/24,-0.835526465,3.047877916,0.296296513,1.77447534,-13.82164389,-9.598478109,2.751439418,-0.544335967,-0.519864074,2.875413741,49,0.863,0.402
2022/6/27,1.923136193,-0.332779009,1.456792681,-0.012047467,6.799054783,1.270322951,1.726522883,6.640405946,0.611594576,0.19821612,65,0,0
2022/6/28,2.725596382,0.380228595,2.669893916,0.899556291,0.636134461,-3.047539926,2.480068759,-1.489533295,-0.110086704,0,59,0.503,0.115
2022/6/29,1.08109161,3.610500464,2.323467224,3.933551713,28.30741355,4.324903189,-1.46860563,-0.478633392,0.064231971,-1.023608596,57,0.334,0.17
2022/6/30,2.027967097,0.774844351,0.221655859,0.217877501,-12.88328718,35.48929758,-1.255047417,1.429081824,30.81899664,-1.671508657,53,0.629,0.552
2022/7/1,-5.213425874,1.375289403,0.022138588,-2.658156622,0,-3.008975268,-2.808875708,-0.27063616,-5.32942769,-0.320186564,42,0.986,0.555
2022/7/4,-1.210853564,-4.277381598,-3.583078201,-1.792226477,-26.33430041,15.8209833,1.661300589,1.879249935,5.33111271,0.465387693,35,0.317,0.053
2022/7/5,-1.621592705,-0.691800848,-2.532663251,-1.180594365,4.966537882,2.860481058,-9.930935528,1.058210933,1.715697651,-2.974744453,47,0.208,0.201
2022/7/6,0.036055526,-2.393398761,-0.41266344,0.217891383,-6.391063396,-4.962203575,-2.044699171,1.242252,8.432726429,1.895229958,48,0.657,0.293
2022/7/7,2.022193328,0.624701695,0.964146211,0.072525085,7.4620241,7.642618822,3.857495896,0.064956157,6.976189236,2.061330063,46,0.47,0.152
2022/7/8,-2.540235568,1.686300498,-0.539717373,-0.193517235,-7.3186549,-15.48660514,2.239428399,1.007890687,-7.238384508,0.487316429,41,1.004,0.902
2022/7/11,1.878607446,-2.564395994,-0.44806112,0.12099215,-15.96576972,-13.95428055,0.074724457,0.282449796,-2.911594156,-1.034789343,47,0.231,0
2022/7/12,1.517586916,2.186858971,1.687408212,0.758902636,35.43192302,9.349231014,-7.370584085,1.904819497,-4.70724336,0.489985128,36,0.602,0.149
2022/7/13,-2.112048303,1.652930195,0.590860782,0.275630829,-17.05980931,10.01712695,0.08037778,-0.630916919,1.886294221,-0.924327783,46,0.806,0.436
2022/7/14,0.131085045,-2.245700158,-2.077572391,-0.359669492,1.526747213,-13.01210998,-0.473147306,-0.609448306,3.219312301,-1.638421671,44,0.638,0.105
2022/7/15,1.665228913,-0.680071821,1.114184985,0.29981434,-1.526747213,-16.75340426,2.057398047,-1.941808586,-2.783820718,2.390087541,28,0.445,0.411
2022/7/18,-0.516675644,2.331052717,-0.280308523,0.227259233,-15.71855835,-3.355900368,4.927960358,-2.911739857,-2.229583479,0.80321717,41,0.029,0.193
2022/7/19,-1.530369745,-0.351494211,-0.351494211,-1.08109161,54.00188912,11.15217933,1.011149894,0.267022856,0.03290881,2.399550556,36,0.318,0.245
2022/7/20,-5.922094515,-1.895791374,-1.847955927,-5.078490597,59.92189734,21.44511921,-0.401363305,0.518652669,-0.256976388,-0.223401377,37,0.436,0.937
2022/7/21,-0.930239266,-5.406722127,-4.69983701,-1.343160583,-18.00193373,9.861824902,-2.903705285,-0.239043939,-0.512626592,0.083834014,32,0.148,0.067
2022/7/22,-2.344515133,-1.270665127,0,-2.147820931,-11.02853436,5.278139743,-0.637498537,0.066458433,1.166943622,0.44593162,32,0.507,0.759
2022/7/25,0.091701061,-2.695860512,-1.744450759,-0.673314313,-25.4169641,2.620872371,1.87190491,2.894197948,-0.200114887,-0.055632825,36,0.219,0
2022/7/26,0.405096928,0.746027935,-1.18010605,0.475750864,-12.63979155,9.426855296,-0.71582267,0.553518823,3.358187188,-0.642011975,33,0.827,0.433
2022/7/27,-0.706716722,-0.104370525,0.373495186,-0.09233002,-29.72909316,5.381460561,2.104143595,-0.643917228,0.241040396,0.947610212,30,0.789,1.015
2022/7/28,3.636764417,-0.471020104,2.951262258,0.381956342,13.3445182,-15.71105841,0.486527906,0.836286637,-0.291859861,1.158314109,38,0,0
2022/7/29,-0.520603042,3.492397964,-0.776848914,1.913996323,11.55677493,10.26426343,2.64348803,-0.578221977,0.386847678,1.496830232,17,1.013,0.082
2022/8/1,2.551511506,-0.584277034,1.708590545,0.71961246,-44.91473721,-0.767314611,-9.510112975,-5.973906043,17.57967402,0.107991371,33,0,0
2022/8/2,1.685882543,2.080125427,1.692046254,1.952642235,50.04944285,3.447598411,0.508551727,0.15036569,4.576317918,-0.568260222,30,0.259,0.168
2022/8/3,2.458843895,2.074404548,2.224317733,2.492534022,-32.90433112,2.383668511,-3.81152969,-3.065214662,-0.993891974,1.186957556,37,0.513,0.308
2022/8/4,0.237840521,2.139959555,0.88784247,1.976660489,22.18652328,2.394125319,-2.786979751,-7.454143553,-0.49037955,0.481541861,36,0.192,0.097
2022/8/5,0.674758405,0.845696184,0.704641788,0.263820755,-35.36744957,-1.471865041,0.846386771,-4.92986394,-2.824294422,-0.776963051,18,0.985,0.223
2022/8/8,-1.127140129,0.815077456,0.058496638,0.179479558,4.97536482,-5.075392499,1.806177409,2.004328125,-6.944304163,0.990239592,38,0,0
2022/8/9,2.498067921,-0.969389315,0.676072047,0.357995609,0.077011941,0.589574688,-0.352405008,2.69765877,-1.772238148,-1.044046426,37,0.214,0.25
2022/8/10,-0.011638056,1.55590126,0.255250168,0.356718571,10.85885563,8.72772693,1.125405508,3.951315357,6.383598666,0.964121019,31,0.322,0.222
2022/8/11,1.879342797,0.559833513,1.984806738,1.297188001,7.257759889,2.98959685,2.233595394,0.583092031,3.381121581,0.026648901,44,0.301,0.244
2022/8/12,1.496456902,1.06433212,1.376375519,1.707656063,6.104011598,-1.467202945,-1.466524387,1.87190491,-1.395598491,0.690390421,24,0.417,0.193
2022/8/15,2.126436928,2.780320933,1.798849305,1.916554214,-11.8538608,6.587195461,-3.156795117,0.965368088,5.790643152,0.185062842,34,0,0
2022/8/16,1.421876739,0.802590419,1.950696628,1.758459378,21.30244987,4.529782936,-2.945155247,1.16582541,5.769871051,0.47430919,28,0.207,0
2022/8/17,3.960492056,2.499856085,3.998417332,2.369831145,2.443781673,-0.539500345,1.408701181,0.473670431,4.160362677,-1.323120652,35,0.207,0.308
2022/8/18,0.250208638,4.136326652,1.082875533,0.508301532,6.390124731,3.580899583,3.09107873,1.448800782,0.890481859,0.504850282,39,0.151,0
2022/8/19,2.030474293,0.051934564,1.758979823,3.080434749,-29.39084283,1.06665933,0.134499012,1.697833653,0.377299614,-1.307208157,33,0.896,0.047
2022/8/22,-6.143481628,2.258822937,-0.535598269,-5.096302522,33.04737666,13.28259865,-0.248447333,1.735691104,3.131289244,-1.979725674,36,0,0
2022/8/23,-3.174519848,-6.273980139,-4.666960535,-2.226024024,-2.455919112,-6.272139256,3.803203655,-2.072959551,-0.894714097,-0.164473721,50,0.421,0.062
2022/8/24,-0.056012996,-2.750707645,-3.017795555,-0.541700907,-18.64074661,10.0782531,0.992859625,0.337268448,0.063548414,0.629018893,35,0.24,0.588
2022/8/25,0.078409413,-0.892863074,-0.801981777,-1.332821461,-8.6303528,7.72786755,-1.874805611,-0.879275195,1.534746006,0.081755012,41,0.06,0.136
2022/8/26,1.113473257,-0.179533262,-0.187689815,0.981406941,-21.00036105,8.070531497,1.647319236,0.217155351,0.329517975,-2.008596899,45,0.614,0.493
2022/8/29,-4.125577995,1.626414374,0.011050334,-2.728226765,10.76142191,-25.24500371,3.979562384,1.680485873,-0.627664503,-0.865322915,72,0.076,0
2022/8/30,-6.989169607,-4.775202918,-4.070689985,-6.970999834,79.45563398,-10.0621829,-5.657085496,-2.510931052,0.649163869,-0.308858873,69,0.066,0.273
2022/8/31,-0.969915587,-6.240820032,-6.269114737,-1.157828187,-28.73552217,1.987366926,-2.880689488,0.341180815,-0.017199123,-1.017532804,58,0.351,0.223
2022/9/1,0.945163111,-0.805107464,-0.319096982,-1.98152856,20.81294407,5.271525089,-4.374539155,0.881660509,-3.318264705,-2.037665566,44,0.363,0.138
2022/9/2,-3.655562056,0.421941554,-0.159931141,0,-39.1235619,-16.68060483,0.712053931,1.541069024,-5.413760663,2.745382603,30,0.767,0.659
2022/9/5,-4.51698158,-4.120906633,-4.701262648,-4.962976767,43.79003839,12.21212258,2.882166017,4.294739383,-2.80341328,-1.592299778,17,1.056,0.257
2022/9/6,-6.334827386,-4.608380257,-3.653494379,-6.300193657,21.87434765,-7.731908188,-3.086632055,-3.23652845,-0.952212085,0.171821348,68,0.505,0.187
2022/9/7,-1.223829255,-6.259446609,-4.938597809,-1.749315745,-24.4052625,-5.798028613,-5.343304893,-4.563068689,-1.997901313,0.342759547,55,0.78,0.478
2022/9/8,-2.627288417,-0.288143118,-2.563877797,-2.985296315,-15.47859121,1.681083063,1.298352983,-6.265808854,-2.424910044,0.142470461,51,0.655,0.304
2022/9/9,-1.740217933,-3.31505862,-1.981705533,-0.684153182,-21.77999887,-8.271311517,4.05572371,-1.179954693,-2.780574383,1.665999284,53,0.709,0.673
2022/9/12,8.329685959,-1.593539433,6.646822539,0.274223207,11.16753765,-8.472378527,1.241720086,-2.402517959,-5.993272572,2.160748884,50,0.059,0.189
2022/9/13,-2.92455681,8.702400509,-0.248173297,3.409931091,8.446016378,4.964473866,-0.886900081,2.10534092,0.84148087,-1.741578227,52,0.267,0.405
2022/9/14,3.922071315,-2.10563647,1.860009859,0.586425959,-12.9055004,11.11751997,0.993226513,0,2.946861254,-0.531246881,57,0.714,0.552
2022/9/15,-0.955752133,2.645916235,-1.708275228,2.297622928,24.26050343,-5.449602461,-3.525832935,0.356506616,0.002676337,-0.646887363,36,0.687,0.537
2022/9/16,1.957063565,-0.734940561,1.884272024,1.573273185,-56.29411189,-28.45910928,0.559856559,-1.855785075,-5.651158787,-1.363657495,37,0.403,0.559
2022/9/19,-3.006391136,2.025281045,-0.175996796,-1.359216735,18.83482647,-2.931021721,0.709029423,0.97708406,-2.878599264,0.142918418,34,0.07,0.038
2022/9/20,0.056242971,-3.851174467,-1.089929046,0.156684029,-24.36035835,11.03549276,-1.511363781,-3.222653099,0.386892691,-1.206911202,35,0.392,0.044
2022/9/21,-1.915903349,1.742351229,-1.671425056,-1.664791606,13.54972892,-6.463999762,-0.8755944,0.123513988,0.159556756,0.834897609,54,0.741,1.262
2022/9/22,0.92705506,-2.667954135,-0.937659938,-0.130330914,-29.22751909,-2.746945003,0.698876881,-0.123513988,0.361684976,-1.822703433,48,0.701,0.175
2022/9/23,-6.859747631,0.157243975,-1.159679239,-5.449398156,59.34639622,-0.358766647,-4.881780108,1.029748591,-1.369705165,-2.423286428,29,1.692,0.397
2022/9/26,6.703464301,-7.194578542,2.319963452,-1.931307614,-9.455858263,-17.41340758,-2.45591334,-0.382995489,1.11811088,-0.14967822,34,0.181,0
2022/9/27,-3.427915352,7.650614675,-1.188409652,4.975545105,-21.86567918,5.992566802,2.595108351,-0.046058188,0.591828741,-0.33008282,47,1.027,0.37
2022/9/28,-4.222699323,-3.663625537,-4.061690538,-4.555212891,37.786446,22.97168538,3.474351388,0.780118679,0.10644573,0.150172727,47,0.573,0.546
2022/9/29,0.88631387,-3.405414189,-2.086955044,-0.35794918,-19.08152376,-22.87003551,-0.933587569,0,-0.478456022,-1.939454731,31,0.819,0.806
2022/9/30,1.509918464,-1.027695217,2.656590704,1.116290661,-21.09254714,32.13305735,-0.600738559,0.1066017,-18.26798782,1.427944664,40,1.791,0.677
2022/10/3,-1.190938927,2.572244396,-2.851216111,-0.94493771,-12.03420693,-17.07757827,1.017993182,-3.926942058,-18.41753185,0.69142016,46,0.181,0.046
2022/10/4,1.475263848,0.105128792,2.398693625,1.774053469,32.87556077,-6.55317647,3.255020012,-4.81571526,-10.25245662,4.108559069,44,0.658,0.084
2022/10/5,0.223897399,1.63767245,4.30959251,1.728101213,-0.453744161,12.46584279,1.695779687,-2.234072927,-1.231800269,-1.069528912,45,0.383,0.491
2022/10/6,2.778977624,-1.233207813,-2.655463095,-1.575312795,-23.15160473,2.937944475,1.118282062,-9.434241315,9.598599767,-0.261894519,38,0.561,0.098
2022/10/7,1.282345935,3.395138349,1.286835029,3.200152895,-1.799534422,-13.12571976,3.639790365,-2.361050274,-6.685548692,-1.70441975,54,1.165,0.78
2022/10/10,-4.509620783,-0.318425511,-1.416434011,-2.880055068,10.10711739,-0.598193135,-1.78254166,0.152788418,-11.19794846,-0.534919552,59,0.295,0.078
2022/10/11,-0.646084435,-3.061764037,-2.924184959,-0.091352016,-2.013093441,1.004327717,-1.995026269,1.458773619,-2.771658979,-0.687698928,41,0.735,0.132
2022/10/12,0.55618332,-0.750191065,1.823043726,-0.979649653,22.88687578,2.65487063,-1.970718164,5.221444232,2.466330768,0,60,0.465,0.075
2022/10/13,3.143010462,-0.045190932,1.245129739,1.131856684,21.56943716,-4.356904424,2.267234319,-2.750806816,-2.638866299,0.866323566,46,0.692,0.264
2022/10/14,-1.198319176,3.479513052,-0.722024797,2.06223911,-67.04016966,-7.381002403,-3.158157205,0.548949228,-5.878500151,0.77037418,39,0.439,0.466
2022/10/17,-0.752604453,-1.038552449,-0.537674768,-1.289566529,21.6826791,-11.80461275,-0.010914052,-1.28560081,-6.826374854,1.552235003,63,0,0
2022/10/18,0.384388409,-1.064311599,-0.350314181,0.376591542,8.277792646,-14.20249963,-1.750664034,-1.302343989,-3.951071361,0.78159321,63,0.762,0.313
2022/10/19,-0.710798195,-0.059461872,1.883022034,0.719104222,6.088602556,-9.788918496,2.609224978,0.373832211,2.04350947,0.086467796,46,0.543,0.052
2022/10/20,-0.626120113,-0.0297442,-2.631539508,-0.674008393,-6.033062426,20.37458554,-0.03246929,0.743497849,0.615832412,0.402530733,45,0.507,0.14
2022/10/21,2.728984161,-0.776470976,2.243357007,0.180180229,-33.83618609,-9.293799566,1.205093129,0,-2.541967351,-0.431345025,54,0.572,0.09
2022/10/24,5.106043841,3.375163788,4.561601636,1.459445115,59.67460632,-10.8129604,-0.257014491,-0.16680571,-6.880766915,1.657654419,47,0,0
2022/10/25,6.413225776,4.82379068,6.835040439,6.232769645,30.03586736,1.085786997,0.278402578,0.185322514,-0.344508092,1.546930018,50,0.831,0.081
2022/10/26,-1.726661602,6.470250438,1.365949623,3.962667004,-31.50457627,6.384646207,2.293848263,-0.352406931,0.747135612,0.612133241,47,0.483,0.132
2022/10/27,5.668183755,-2.609813061,2.664822726,0,14.10098863,8.943991347,1.318472253,-0.446928118,0.019759592,0.027735404,53,0.515,0.111
2022/10/28,1.239019692,6.444716698,1.931836579,6.599773634,-33.80607993,13.23552797,-1.234903879,2.670262696,-0.680656849,0.083160088,44,0.671,0.522
2022/10/31,-1.538682795,1.851447603,-0.704827319,-2.352156999,-31.29047672,19.91681266,-0.986366864,-22.71037723,31.94478658,0.249066131,43,0.283,0
2022/11/1,-4.148913377,-2.46375817,-1.61045954,-3.198400555,37.10636814,-7.256425712,-0.189993724,2.633211666,1.035235701,0.798352485,39,0.317,0.324
2022/11/2,-0.02607222,-3.339165844,-2.662470467,0.513936692,-36.31242676,8.8071513,1.582759313,1.935828159,4.87152351,-0.743088599,52,0.36,0.229
2022/11/3,-0.549092764,-0.689254306,-0.472029964,-0.950878797,63.65806328,1.938912344,-1.561631065,-3.774032798,1.097497636,-0.804331059,53,0.039,0.05
2022/11/4,0.104821813,-0.169790415,1.648737411,1.069105412,-24.09891751,-9.558958432,4.036979554,-2.288429383,-9.107445222,2.638240401,54,1.457,1.061
2022/11/7,1.468989692,-0.183174197,-1.648737411,-0.83053671,-16.71420935,-5.665765698,-0.661613691,-7.247113586,-19.84809395,0.567952845,52,0,0
2022/11/8,-1.862639328,1.80395522,-0.525675933,0.013237143,26.70180903,5.940975808,-2.649161545,-4.79194632,-1.663831225,0.752287266,49,0.284,0.262
2022/11/9,-4.435614885,-2.197604856,-1.098699089,-4.051870939,50.84575132,-4.66659992,-2.883025059,-1.419955491,-1.073399456,-0.160728671,45,0.536,0.197
2022/11/10,0.397778455,-4.793594064,-3.504954416,-2.866326951,-33.07457769,-1.667760056,1.094901449,0.975103259,2.111250546,3.088539011,53,0.554,0.32
2022/11/11,3.748171975,1.138324025,2.983712683,3.553142838,-29.36895692,-15.37315828,2.446605215,-0.052465898,-11.63425207,0.544395382,40,0.779,0.665
2022/11/14,-0.807577037,3.167624922,-0.708013971,2.086231177,-0.988638799,17.78023204,-3.014028182,1.794353174,3.157911194,0.412797284,60,0,0
2022/11/15,1.869951775,-0.875801776,1.631357549,-0.794135676,1.528252568,9.124419722,0.770057281,4.780784582,3.360357528,0.539223286,48,0.683,0.376
2022/11/16,-4.31894392,2.59173883,0.206905544,-1.251036169,40.61172112,-10.28548767,-1.071132777,-3.246227614,-5.835533789,-0.564973254,48,0.657,0.139
2022/11/17,-1.385386673,-4.583997481,-3.550201923,-1.641755851,-35.78863311,-0.699433634,-3.373074924,2.506396866,0.242228621,-0.283688134,47,0.499,0.536
2022/11/18,0.096638373,-1.603542891,-0.968400305,0.083426034,-10.45838166,1.357184878,-2.435295097,2.758627268,-1.366825528,1.308549781,51,0.353,0.57
2022/11/21,2.466905336,0.082861488,1.59552892,-0.375966467,-19.73406126,-0.932476692,-0.194208092,4.034993513,7.940313711,-0.306357145,43,0.074,0
2022/11/22,-0.553494494,3.072145912,-0.6405146,2.425697765,-23.96728533,1.951173665,1.035217709,-1.49117395,3.609116916,0.535510651,45,0.701,0.165
2022/11/23,2.671455781,-0.846950011,2.876567252,0.231213976,14.65670516,9.531349414,-3.395618859,0.421645038,3.219245417,0.456737663,46,0.202,0.042
2022/11/24,3.64947332,2.638042668,2.403251304,2.720435772,-2.522908865,-3.38078405,-0.08199122,-0.04676175,-0.444739707,0.32857353,50,0.341,0.041
2022/11/25,0.355195096,3.437919345,1.274384795,3.200481306,-20.4858935,-1.113516633,-2.024097037,0.420070629,-0.44672648,-0.050479557,32,0.955,0.29
2022/11/28,-0.482356863,0.2664469,-0.957427319,-1.522413613,40.72057526,0.972857571,-0.52751591,14.82111916,2.795176713,-0.582353842,61,0,0
2022/11/29,3.500795046,-0.07605527,3.115516778,1.458372624,-24.29027013,10.13218852,-0.192516002,4.322873455,0.126786555,-0.101626025,39,0.461,0.45
2022/11/30,4.222167798,2.825541139,4.498509592,3.475107328,67.41203055,13.69497229,2.849533889,7.053015081,59.761236,0.784913512,66,0.213,0.468
2022/12/1,-0.023559901,4.235927384,3.955902722,3.764407564,-18.39047303,-7.133372823,1.683052902,-4.771547304,-3.777444944,0.352467636,62,1.027,0.5
2022/12/2,3.587102161,0.471532172,-0.803762747,0.641484737,-26.48571836,-2.318953012,-1.519310176,0.375234962,-5.172286254,0,39,1.181,0.369
2022/12/5,-0.92492809,3.262667924,0.340406547,1.118645754,6.619643807,-0.276913634,-3.435701962,-1.795041112,1.833401854,-0.377691498,44,0,0
2022/12/6,1.638448304,-0.822955839,1.350155523,0.700119546,8.770136529,3.209898581,-4.110928784,1.663868977,3.732947697,-0.683460451,39,0.343,0.202
2022/12/7,-0.475114016,1.322559467,-0.909352323,0.151048655,4.500141246,7.82018972,-2.78576665,-1.264287054,3.86066426,-0.228862147,51,0.675,0.192
2022/12/8,0.835596551,-0.158694207,0.976383942,1.715149958,-19.59537056,-6.880406108,-1.330570113,-2.616540189,-1.138484081,-0.101884879,48,0.277,0.238
2022/12/9,-1.358562727,0.565612368,-0.42529443,-0.997886356,-11.38935507,-1.058241364,-0.065681447,1.700852753,1.261386483,0.457666703,43,1.166,0.159
2022/12/12,2.343241154,-1.305723916,1.392237223,0.746486383,14.28810876,-2.003103649,2.453234847,-4.167677395,-8.269171585,-0.381243313,56,0,0
2022/12/13,-0.917232381,2.983615629,-0.28799311,-0.274977259,19.27432523,0.667286454,3.391009974,-1.307208157,-2.627260944,1.390843005,44,0.644,0.164
2022/12/14,-3.196984221,-1.915059366,-0.835426747,-2.792177668,13.09951914,-4.933379017,2.472888894,-2.625253309,-2.420719976,-0.125643942,52,0.524,0
2022/12/15,-1.155272782,-2.577019433,-1.988316745,0.282752309,-20.78619863,3.698194914,-1.818120974,-0.24968802,1.276316416,-3.635833141,46,0.11,0.108
2022/12/16,-1.800143352,-1.108335443,-1.506035248,-2.296763064,-29.02298445,-15.60508615,-2.708433885,-2.446347218,-4.784034896,-1.23312595,45,0.525,0.534
2022/12/19,1.199753062,1.5482528,0.369985391,0.934586242,-258.3487478,-6.573656648,0.956945102,-1.592458873,1.262722523,0.788854998,100,0,0
2022/12/20,2.541521734,-2.301906862,1.568704522,0,-41.90707602,-2.820155731,0.23781224,-0.021694327,-0.901906018,-0.393649636,85,0.591,0.157
2022/12/21,-1.472746512,1.896790271,-2.066189206,0.475908096,86.85958581,-8.17485341,2.72536752,-1.068829021,-0.159788964,1.875543386,57,0.396,0.048
2022/12/22,1.449720954,-0.593266441,1.986630186,0.827427889,-126.7235001,-6.422170145,-1.495309146,0.655740055,-1.43838866,-1.377181699,52,0.503,0.161
2022/12/23,0,2.021204107,0.113636376,1.32142483,-39.53127366,-12.56421764,3.566175348,-0.349192847,-1.781479111,-0.05234232,57,0.825,0.474
2022/12/27,-0.890539627,-1.776491522,0.509771707,-0.617609608,-9.53101798,-4.7526159,0.48737095,-2.367105323,-2.398233757,0.444038865,30,0,0
2022/12/28,-2.291387485,0.11631966,-2.842272466,-2.007151207,109.8612289,-1.224304946,-1.276943182,1.775063247,-0.520629085,-0.653682547,31,0,0
2022/12/29,-2.12633394,-2.555033909,-2.555033909,-2.389686488,-64.96620686,2.984204095,-1.208327896,0.219683744,-0.17018586,1.069807985,23,0,0
2022/12/30,-3.660151391,-2.2310241,-1.260142688,-4.547941769,134.2809249,-4.292459304,4.341527385,0.219202192,-0.329319638,-1.780617875,27,0.181,0.063
2023/1/2,5.238212205,-2.256986721,1.057193893,2.449617436,-214.8434413,-6.181536675,-3.38272987,-14.5014381,-39.39467699,2.195018883,32,0,0
2023/1/3,-3.961758884,3.469122774,-0.815939252,-0.851815247,146.6337069,-2.148445359,-1.15349215,-5.342053621,-17.54737033,0.592708861,34,0,0
2023/1/4,-6.445562646,-3.31955276,-3.31955276,-5.494822315,-19.3371393,-11.17549739,-5.328257858,-4.645644082,-11.88898426,2.260987969,59,0.048,0.261
2023/1/5,1.107898433,-6.350115512,-3.62707778,-0.519689357,11.33286853,17.7048993,1.086064467,-0.561011289,3.298883237,-0.427942755,59,0.532,0.388
2023/1/6,-0.909157063,0.858941521,-0.129232378,0.200200267,-66.96166831,-7.221121647,-0.152613536,-3.114092515,-4.580594848,1.47742765,36,0.418,0.366
2023/1/9,4.591818605,-1.591545531,2.868082638,-0.267022856,103.459043,7.717888233,1.365208917,0.173963512,-3.091939412,1.504900733,56,0,0
2023/1/10,-0.9144082,6.395345697,0.263537832,4.112141493,36.89954283,-6.956091405,0.563381772,-0.290107543,-2.383354859,-0.490919003,64,0.429,0.281
2023/1/11,-2.244965911,-1.886251253,-0.855889429,-2.205304056,-21.60260835,-6.431282176,3.158092519,-4.213022932,-0.441052454,1.003803263,52,0.299,0.157
2023/1/12,1.450802649,-1.961606323,-1.541333616,0.013115614,-255.0864618,4.140204166,1.631709868,4.561051125,5.812134121,0.824846986,59,0.591,0.4
2023/1/13,-0.722770312,0.985612959,0.128287381,-0.56553054,147.3305738,-2.958149991,1.476608248,-2.165727023,-0.781033802,0.43394475,36,0.416,0.165
2023/1/16,-2.797844545,-0.894425562,-1.316317883,-0.99410985,41.92584302,-17.26965606,-0.966191091,-0.593473552,-2.287297337,0.216268257,43,0,0
2023/1/17,2.810797074,-2.038873652,0.930960952,-0.427179931,-26.51077504,9.732893364,1.713858125,1.183445765,-0.774208128,0.263694268,63,0.264,0.147
2023/1/18,5.309196075,2.168997288,4.67656857,2.770625771,60.93772975,2.061657947,-1.100069607,2.898753687,-0.409237636,0.071796102,47,0.54,0.138
2023/1/19,0.538952799,5.058433052,1.596135013,4.987394015,-40.06224836,-0.887734289,1.379009816,0,-0.84885159,-1.859283308,64,0.348,0.228
2023/1/20,0.899920946,1.265295426,-0.012088244,0.284319371,19.67102942,10.20110888,1.691737222,-0.314780629,-0.152039898,0.510515269,53,0.406,0.117
2023/1/23,-0.973243692,0.814544653,0.722720563,0.848139802,-64.66271649,-1.299106525,0.637017283,-1.18208094,0.707550122,0.869150812,51,0,0
2023/1/24,-2.701192604,-0.802338367,-1.341166723,-3.234112709,39.0197636,-12.14034249,-2.36357951,-1.401892118,-1.088664282,0.072089394,74,0.357,0.189
2023/1/25,3.286274721,-3.061147377,0.230848775,-0.253164692,-77.31898882,-3.046060384,-0.01161103,-1.930275225,-1.28956909,-0.192353991,57,0.232,0.145
2023/1/26,5.359375762,3.377988977,5.317259536,3.426059156,115.267951,-2.839631405,1.555420494,-0.210115641,-0.223732991,0.575955516,55,0.401,0.239
2023/1/27,0.149640316,5.468818224,1.257878221,5.619857388,22.52466015,1.192402832,-0.930346112,0.449708448,1.657449305,0.071761754,61,0.661,0.229
2023/1/30,0.310077768,0.276084381,-0.501254182,-0.615529497,25.78291093,-0.769508607,-2.051832299,-18.44176797,-0.16111939,-0.383325817,61,0.225,0.151
2023/1/31,3.293406933,0.14922806,3.114535851,0.684973944,60.14020669,3.996045477,-0.484090915,-1.705102076,18.4469239,0.119947238,82,0.311,0.352
2023/2/1,2.757588016,3.183472352,4.258729033,4.047483257,-152.7480805,4.409612838,-1.972214764,3.910812273,0.766287275,0.095854309,62,0.172,0.151
2023/2/2,-2.182301553,3.063696946,-0.31877617,-0.859236442,55.25652299,-5.473599661,-0.812076458,-3.764559962,-2.985508536,1.756930283,52,0.22,0
2023/2/3,0.275406398,-1.061650097,-1.048474353,1.313757484,-34.59509806,2.686380964,-2.751391866,1.198489014,2.092111577,0.164609091,45,1.239,0.74
2023/2/6,-3.28778355,-1.514349141,-0.690699918,-2.929338011,-53.32984796,-0.617223108,1.304933698,0.540055318,-6.752016174,-1.062960286,61,0.103,0
2023/2/7,-0.0682361,-2.50796844,-4.405803853,-1.49170867,-41.68938039,-4.836842701,3.279380578,-2.361599307,-2.394636857,-0.023750149,63,0.682,0.366
2023/2/8,-0.353296852,-1.14026321,0.676745195,0.230946985,-72.82385004,-3.954638743,1.659002382,-4.781637375,1.407012025,0.142416354,60,0.492,0.135
2023/2/9,1.02227151,0.457666703,1.073355564,0.609442466,133.1234584,-2.314674618,-0.69579855,-1.280824807,0.722683911,0.897290554,80,0.544,0.247
2023/2/10,2.179709613,0.455581654,0.576626126,0.878850603,82.5498632,2.240358324,2.212039401,3.077165867,1.437357778,-1.206116076,54,1.172,0.34
2023/2/13,-1.21254058,2.358335014,0.209863666,1.129955525,-161.7736715,-4.229136584,0.254335397,0,-3.567053714,1.135569335,73,0,0.349
2023/2/14,-0.820367583,0.16634326,-0.420168685,-1.99734284,113.9434283,0.502844056,-1.196367135,1.503787736,0.201113929,0.141043747,60,0.423,0.195
2023/2/15,3.209069016,-1.946805723,1.462931002,0.980959161,101.0388055,5.742845994,-0.233972966,1.848481467,-0.449195303,0.772204609,66,0.361,0.49
2023/2/16,3.879612129,3.518871299,3.803146999,3.983172002,-130.2524478,-5.804598215,-0.281492093,0.36563112,0.75781371,0.395487313,66,0.678,0.497
2023/2/17,-1.910277764,3.504618429,0.304382287,0.944478605,6.899287149,-6.82981858,-2.54563526,-0.36563112,-0.494247666,-0.628859648,53,0.654,0.381
2023/2/20,1.889251692,-0.337588674,1.332520237,1.512012077,12.5163143,2.40148762,1.280917735,0,-0.058079881,-0.023367216,82,0,0
2023/2/21,2.091321082,0.841844391,1.325203019,0.042562248,-24.92157916,-3.148317081,-1.220694909,0.36563112,-0.019367459,-0.585962066,67,0.452,0.605
2023/2/22,-3.852079341,1.755433288,-0.891810534,-0.683179429,-71.21953755,4.351701038,-2.994418655,0.109429156,-0.271539016,-0.18823535,75,0.292,0.294
2023/2/23,0.416467044,-3.830679812,-2.228098419,-0.10716966,112.3930097,0.651778796,1.977829965,1.339871575,-0.599994008,0.446481766,64,0.453,0.203
2023/2/24,1.007271412,1.54992487,1.099429953,0.896675521,-120.3972804,1.157903528,1.148951383,-0.794514833,0.265376366,-1.511958876,63,0.734,0.601
2023/2/27,2.201560043,0.74513647,0.943158777,1.277669036,82.92793549,-7.731195241,-0.857441398,7.169648922,0.015588465,1.277216984,82,0.026,0.093
2023/2/28,-1.058210933,1.308837631,0.267848105,0.596267262,60.77873316,-2.267670867,1.731436785,-1.530381849,-5.923734511,-0.188191069,80,0.868,0.694
2023/3/1,-2.193255355,-0.829020292,-0.971784759,-2.49220924,-95.15588707,2.689826172,0.499406508,-1.415036553,-1.013971453,-0.732604009,64,0.252,0.349
2023/3/2,-4.02446914,-1.393641249,-1.317597227,-3.981113549,2.531780798,-0.498332887,0.520526433,-1.717833654,-0.830437184,0.5676458,66,0.329,0.222
2023/3/3,-0.925467942,-5.164323315,-5.218011409,-1.570067017,57.38004229,-4.255225149,1.266284947,-7.068656604,-3.654236244,1.428428456,62,0.613,0.76
2023/3/6,0.76996419,0.554018038,1.300150531,0.653449824,-31.14361585,-6.875307998,0.406953646,-6.872183205,-3.99268859,0.324977073,59,0,0
2023/3/7,3.18355387,0.682746843,2.422525735,2.286955799,90.07865453,2.882527823,-3.410963824,1.212136053,0.290539518,-0.814431494,58,0.527,0
2023/3/8,2.01467135,2.599799802,2.260818879,2.589386857,89.09729239,-1.76256882,-0.759268486,-0.927987293,-0.709674528,0.326568986,74,0.667,0.083
2023/3/9,0.673119916,2.35653109,0.946100523,0.384287407,-69.31471806,2.532014771,-1.302910364,2.71907995,1.558284839,-0.093196652,81,1.015,0.172
2023/3/10,1.487828517,-0.230029378,0.299633432,1.522550029,43.90817189,19.78046856,1.447978088,6.305813597,4.051989927,-1.645160489,45,1.449,0.921
2023/3/13,-4.046490313,0.802798452,-0.65207497,-3.122756006,-16.10615574,-6.559728249,-2.458087687,2.667799362,-5.473407187,-2.811671459,64,0,0
2023/3/14,-3.568679918,-3.583703615,-2.907916651,-3.10051221,-58.29440404,-12.37570325,-4.197304259,1.680711832,-2.595629024,1.715639519,71,0.842,0.277
2023/3/15,-3.492814515,-2.782959105,-2.500536194,-3.430595389,51.77580605,-3.893121471,-4.976546208,-2.150620522,-2.963179761,-3.610148144,64,0.159,0.557
2023/3/16,-1.605432341,-2.306158399,-3.264368275,-3.313272995,36.85215929,2.682419868,1.361298736,0,1.330991066,2.429269257,52,0.442,0.164
2023/3/17,0.351206168,-3.012068147,-1.402771477,-0.335048776,-147.2328698,-4.898708804,-2.343169436,-2.568948612,-1.639931262,0.314655954,51,0.353,0.426
2023/3/20,-0.456808993,-2.338044864,-1.236509659,-1.570459916,131.7580469,-9.783331792,1.117482329,0,-1.962666134,-1.97687951,53,0.074,0
2023/3/21,2.549975903,2.896705535,2.752467339,4.243277493,-8.739182212,9.204570651,2.052248272,3.290973409,1.147127634,1.61372695,58,0.198,0.266
2023/3/22,-0.862024762,1.085085101,-0.817814644,-0.221975674,-7.586575077,-5.620853819,1.802561799,-1.376334656,0.253140044,0.387315904,78,0.402,0.235
2023/3/23,4.016149709,0.401031761,3.05504442,2.255082552,-29.59261422,8.64142551,-1.022289375,-0.952737144,0.077760502,0.19309685,36,0.65,0.495
2023/3/24,-5.44615722,2.829792563,0.683499519,-3.810983812,-30.77496355,-5.627540183,-1.219365672,-0.47979424,-1.113836625,-1.947955434,52,0.453,0.735
2023/3/27,3.146689632,-2.180106571,-2.031033691,2.984248135,250.8646637,3.933145914,4.08913347,1.176916858,-0.049137636,1.003066514,64,0.185,0.087
2023/3/28,1.430768507,-0.4554779,1.524368878,1.020943769,13.6185492,1.072981856,0.67615235,0.764891728,0.529413001,0.121639718,85,0.308,0.097
2023/3/29,0.691118569,2.089409117,0.594518981,1.932809533,-23.47266924,-0.236395552,-0.471548698,-0.036291055,0.078193729,1.376334656,62,0.642,0.377
2023/3/30,0.862741774,1.067269719,0.721866856,0.245975079,23.08805338,1.671086577,1.256760432,0.108833677,0.165958939,1.475865875,64,0.506,0.191
2023/3/31,1.040820133,0.551390899,1.223952458,1.287047612,-9.280849467,9.428554183,0.628774707,-0.072542622,7.332733199,0.682917996,46,0.698,0.458
2023/4/3,4.528070453,0.89775072,3.459747339,1.074571743,7.792630477,8.319858787,6.267989387,7.814294737,3.797530695,-0.211441404,67,0.089,0
2023/4/4,-1.068184835,4.528070453,1.229926103,3.156122846,2.764560504,-11.04234219,0.011773709,-3.378584441,-2.223686437,0.25836773,63,0.038,0.089
2023/4/5,2.114772285,-1.078713921,0.665474685,0.158386602,12.27730309,-7.425531957,0.058847763,-3.56865284,-3.329558706,-0.658980968,58,0.24,0.132
2023/4/6,-0.268373406,2.114992625,-0.102092913,1.278977493,-5.149994561,-4.145125598,0.152842308,-2.845868816,-4.134104064,0.494642394,0,0.206,0.225
2023/4/11,0.741430644,-0.258064659,0.53990861,0.747201484,-30.68589729,0.312286777,0.574007316,-4.272053877,1.270616569,0.609043813,59,0,0
2023/4/12,-1.238789456,0.802969107,-0.223759247,-1.699639476,30.41982175,-1.799193202,1.989194767,3.30514415,-1.155309551,0,63,0.18,0.086
2023/4/13,-1.972160845,-1.425055095,-1.756503482,-2.114962727,-12.33491193,-0.916889023,-1.430078576,0.447428039,-1.460727303,0.628566847,56,0.216,0.12
2023/4/14,-0.297082447,-1.84743367,-1.577138544,0.064426073,-25.66871746,-1.431909108,0.255220556,1.109889307,-0.097494402,0.50926036,47,1.008,0.637
2023/4/17,-1.283302822,-0.265209936,-0.252977894,-1.079224807,-1.307208157,0.304229015,-1.812173283,0.073556458,-1.64236371,-0.37011377,68,0.043,0.057
2023/4/18,2.382331109,-1.239861971,0.893097609,0.184291884,23.15293447,3.149552735,0.011797322,0.769093701,0.138723764,0.554658228,87,0.561,0.187
2023/4/19,-0.801945841,2.46453944,0.905925913,1.983872903,-11.56975292,-5.869482299,-1.965635983,0.690786241,-1.065163622,0.02304413,100,0.64,0.323
2023/4/20,-2.847664617,-0.895921671,-1.89405547,-3.237227003,36.39918599,-0.532054878,-2.460238567,0.46990869,0.896688284,-0.299988687,99,0.35,0.104
2023/4/21,-2.070558553,-2.68256429,-2.405632658,-2.139415413,-11.92091335,0.511243223,0.688132477,0.431810675,-0.059529717,0.484150802,71,0.812,0.678
2023/4/24,-1.457261524,-2.02138048,-2.520405165,-1.877458448,8.440860433,-0.825544163,1.301800731,-0.359712618,1.232939621,0.045987584,91,0,0
2023/4/25,-1.9958466,-1.712504775,-1.340652411,-1.217566156,16.30247038,-0.483854946,-2.397668375,0.896866998,-0.284690714,-0.322358096,86,0.355,0.517
2023/4/26,-0.658771524,-1.914806622,-2.171650348,-1.595933459,-7.175969192,-4.783638045,-3.887906049,0.1070855,-0.621273139,-0.763981028,65,0.824,0.606
2023/4/27,0.508906951,-1.110865392,1.029168604,0.281426077,-4.997095338,0.132640674,0.87146521,-0.1070855,0.108754769,0.371144012,99,0.954,0.692
2023/4/28,1.11284347,0.637942197,0.238622919,0.851168201,-44.17128985,-2.233980986,1.481883871,0,-0.118647433,0.023150828,73,0.733,0.496
2023/5/1,-2.331592233,1.035205932,0.283334467,-0.734140686,-96.97056678,-2.722249592,-0.289581568,-2.60506772,-8.751515534,-1.082223863,55,0,0
2023/5/2,3.319282614,-1.999488745,2.746014712,-0.093611053,153.6486521,-0.924137471,-5.161852031,-0.220183575,-1.009287422,-0.363359715,71,0.23,0.459
2023/5/3,-3.881410807,3.825039754,-1.631828406,-1.676346657,17.02708144,-2.08340869,-4.050672293,-3.438305804,-1.229163851,0.445226277,45,0.525,0.53
2023/5/4,-0.766287275,-4.25791554,-4.159173669,-0.896866998,-35.13556303,-3.766211978,0.2347581,-4.829598972,-1.501947353,-0.42174383,62,0.317,0.299
2023/5/5,0.542902313,-0.741397924,1.378852736,1.253373615,-37.90070491,3.466720888,3.789357295,1.465662997,0.770480055,1.398950304,66,0.858,0.508
2023/5/8,0.73878964,0.40080214,-1.052702185,0.236966936,-63.96064136,-1.012911108,2.245514875,0,1.183184036,0.300543516,77,0,0
2023/5/9,2.218461865,0.668349794,2.026085192,0.824989947,81.07546698,-0.339929913,0.556815942,-1.705375457,0.010992031,-0.578772307,74,0.357,0.3
2023/5/10,1.755722735,2.447311336,2.253616502,2.320289708,13.87844252,-2.051795057,-1.338986531,-2.06109539,-0.308234502,-0.418800054,73,0.468,0.213
2023/5/11,-0.551710007,1.729736191,0.41140882,0.548949228,0.366077285,0.235571369,-1.889216635,-2.773930704,1.23816845,0.163075167,71,0.148,0.085
2023/5/12,0.405634359,-0.76508024,-0.50058506,0.523263621,-55.9920341,-6.154609888,-1.086165556,0.293439741,-0.250776995,0.302150143,67,0.956,1.136
2023/5/15,-2.033352272,-0.045187529,-0.536733929,-2.306867661,53.33837638,-1.96841041,1.419033182,-1.094287014,-3.273523916,0,67,0.164,0.069
2023/5/16,2.033352272,-1.548653132,0.011211391,0.613463351,-19.85882291,-1.080361622,-0.426269461,-0.551667005,-1.145851779,0.092785903,91,0.037,0.144
2023/5/17,-1.005828675,1.853273439,0.614698778,1.021764242,-13.62593118,-0.954986794,2.69984134,0.847462699,-0.342896667,0.069532973,78,0.868,0.458
2023/5/18,1.812194339,-0.31592038,0.51122583,0.421725136,-22.55502913,-7.350710879,-1.43962701,-1.35940921,-1.395076526,1.12891419,53,0.101,0.077
2023/5/19,-0.245700369,1.313518745,1.135311175,1.591006762,33.7097921,0.852069207,-0.369783834,1.528043314,-0.197571103,0.707684725,70,0.823,0.259
2023/5/22,-2.467863528,-0.256854237,-1.691115184,-2.907643791,18.24518584,-2.969339293,0.541005476,0.25241915,-2.915520757,-0.136580945,73,0,0
2023/5/23,-1.675855459,-2.29609137,-2.243232202,-1.638333281,4.894526305,-0.256507119,1.112358522,0,-1.132269384,-0.961325783,79,0.59,0.877
2023/5/24,-1.184139518,-1.835973284,-1.678393233,-0.953453165,-15.53921449,-2.788170807,1.958825518,-0.505477066,-0.638009152,-1.903934921,75,0.311,0.139
2023/5/25,-2.58048006,-0.913141442,-1.295158411,-2.297026463,40.73956106,-9.425434466,-2.716503865,0.210926043,-0.64210586,0.210748234,75,0.55,0.312
2023/5/26,0.603283683,-2.718012114,-2.112587469,-0.838553859,-34.01433836,-2.104614511,0.900730586,-0.464625968,0.134878323,1.532063393,54,0.607,0.769
2023/5/29,-0.156503975,0.313706821,1.298951708,0.886950715,-113.5883683,1.208670247,0.155823951,-17.69170512,0.101039491,-0.508084234,68,0,0
2023/5/30,-3.207521878,0.048175359,-1.334942351,-2.834023932,164.4674719,0.399665329,-4.688462392,-6.20151789,0.033657156,-0.557233854,98,0.359,0.069
2023/5/31,0.484022043,-3.180696262,-1.657529933,-1.30262363,-11.33123922,8.608168322,-1.203844908,2.652675433,-7.454106415,-1.832758067,78,0.222,0.306
2023/6/1,-2.279086875,0.40935367,-1.067036554,-1.077391751,2.522656295,-15.75406472,2.205070969,-1.636352163,-6.298402794,1.10837121,49,0.241,0.252
2023/6/2,-0.546137129,-2.291466943,-0.779851696,0.063698327,-37.04965103,1.245209277,2.460066883,7.087153854,1.005876042,1.605245589,55,0.7,0.409
2023/6/5,5.379906724,0.126582295,3.39636847,-0.651634581,43.46735337,20.15471414,0.758967265,9.589593691,12.2436572,-0.834303796,71,0.081,0
2023/6/6,-1.483309871,4.876004414,0.275895335,2.868350033,-29.14438324,-12.78942319,-0.549020987,-3.997775639,-3.275292767,0.069791791,78,0.42,0
2023/6/7,2.68294038,-1.652126985,0.846906714,-0.224466985,3.833985458,5.140317846,0.861399218,3.092792088,0.860438056,-0.069791791,82,0.485,0.283
2023/6/8,-0.610013255,2.83784062,0.898669877,3.109695664,-20.90043268,1.782635141,-1.294897434,2.602210536,0.414912269,0.139534906,50,0.254,0.148
2023/6/9,3.292527043,-0.286157343,2.728761473,1.047382114,14.235001,20.43210399,-1.552269974,2.493022181,6.696656228,-0.279264785,43,0.754,0.032
2023/6/12,2.385981505,3.519424812,1.320000959,1.639186245,0.229489487,-2.777413028,-4.024276221,-0.954868366,2.93696679,0.604091056,75,0,0
2023/6/13,2.79441453,1.430639565,2.863865008,2.363460614,55.34568689,19.28874281,3.353492917,2.455432428,3.976400569,0.853424624,66,0.24,0.275
2023/6/14,3.146619589,2.757094957,3.199927112,3.393606955,-7.631545056,4.049049606,-1.47809322,-0.940579829,3.634417853,0.595376158,70,0.197,0.267
2023/6/15,-0.73975143,3.31606184,1.258144206,1.763908593,3.734511792,7.549803418,3.318635974,0.042946103,1.029529001,-0.251457442,68,0.639,0.523
2023/6/16,-1.092788803,-0.632947455,-2.12367293,-1.109840522,-38.76393242,-16.65246573,1.234583582,-1.209517985,-3.282814574,0.365547585,71,0.861,0.401
2023/6/19,1.415092477,-1.321652864,0.50313225,-0.221239028,-26.81863288,-1.223045129,-0.681076634,-0.872986775,3.705207192,-0.022807618,70,0,0
2023/6/20,1.36360907,1.504438787,2.478376258,2.784782738,43.94253306,11.3154535,-0.250016579,2.724492841,1.205176611,-0.388527514,78,0.994,0.627
2023/6/21,-3.949585416,1.408023262,-0.626961301,-2.685164599,15.12906663,-4.929827582,1.59459659,-0.384698059,-2.572656596,-0.367057076,69,0.397,0.054
2023/6/22,0.110011012,-4.561757268,-4.502368137,-2.305384105,-40.12691702,-7.306968958,-3.940745258,-1.379927028,-2.078855313,-0.530016219,90,0.193,0.339
2023/6/23,-3.809984623,0.773057411,-0.32948959,-0.886974203,-26.48249629,-6.123992531,-0.391918875,-0.478782199,0.311912057,-0.858573553,54,0.799,0.445
2023/6/26,-1.218125841,-3.595213339,-1.384680113,-1.914265095,16.55747539,-0.687459741,0.445856308,0.348432408,1.502826045,0.348959293,91,0,0
2023/6/27,2.961829441,-1.377906747,-0.53685399,-0.104840128,-12.30744532,6.588591351,-2.622384634,0,0.063451779,0.625074382,88,0.616,0.452
2023/6/28,-0.992675946,3.610746465,0.592610892,1.365920068,-4.892659912,-0.683400798,2.419969074,0,0.137340891,0.918912967,52,0.374,0.053
2023/6/29,-0.090733816,-2.632771691,-0.98589192,0.298473416,-12.41607802,2.163700572,0.417874841,-0.086994351,0.042220815,0.159945196,67,0.163,0.21
2023/6/30,1.620744538,0.866398488,0.885507103,-0.14912535,4.36404035,5.393933352,0.750472565,0.520834511,1.798835369,1.067342936,48,0.887,0.295
2023/7/3,-2.246778111,1.151124324,0.245207434,0.080325898,1.387840317,-8.663274385,-0.334336654,5.023212549,-9.006896388,-0.045187529,60,0.07,0.2
2023/7/4,0.125520642,-1.937408359,-1.94464623,-0.575177014,-24.13012841,3.673475294,2.12068915,1.511775472,-1.020271611,-0.203596949,74,0.118,0.332
2023/7/5,-2.167231797,-0.401215647,-0.889300126,-1.125367176,38.51165228,-2.674299621,0.523218983,0.243013485,-1.030788546,-1.001373866,49,0.388,0.1
2023/7/6,0.55781667,-1.574471052,-1.001331955,-0.444341236,-6.577713051,-6.402577141,-0.169746075,-5.27421377,-3.044249891,-3.089317794,64,0.168,0.317
2023/7/7,-0.162375355,0.407569705,1.60646025,0.584250318,-15.27352514,3.240305831,2.516424157,-0.770551758,-1.357785954,0.470699857,65,0.494,0.341
2023/7/10,0.127602825,0.127751019,-0.777057961,-0.408616528,4.674501282,-10.73169849,-0.998983718,-4.752324037,-3.558831516,0.445121972,78,0.138,0.117
2023/7/11,0.911667499,0.208695728,0.057342739,-0.433789296,18.03511128,-4.193894248,2.177181929,-4.658439677,-0.957306719,0.745229346,69,1.023,0.564
2023/7/12,-1.411407048,0.795989667,1.253292011,0.667488865,3.552197816,-8.460327327,0.890232197,-1.762369977,-1.004905741,1.770771807,68,0.23,0.258
2023/7/13,0.058237728,-1.353482401,-1.551833972,-0.421053254,-33.09040117,-0.510639407,1.548306151,-0.385171396,-1.962366095,0.704148281,42,0.622,0.111
2023/7/14,0.545783158,-0.046598323,0.790336855,0.584318596,-6.383205696,-1.673875609,-1.848343881,0.481232883,0.234405629,0.158317346,51,0.637,0.281
2023/7/17,0.496737578,0.128093176,-0.962978896,-0.748541507,18.12223968,-2.88066006,-1.730168814,-0.144126857,-0.273526709,-1.067827936,62,0.25,0.078
2023/7/18,1.600399956,0.984316905,1.724476013,1.248339142,16.34218995,7.955549695,1.429228148,4.649816225,-0.956694277,0.410303744,71,0.399,0.318
2023/7/19,0.903144545,1.509635257,1.215409965,0.92326103,3.216555605,1.753909407,-0.213715588,-0.875783427,-1.032438026,-0.204941436,71,0.849,0.184
2023/7/20,2.068809186,0.960188117,2.037271524,1.934076214,12.6644034,3.603080915,0.226272881,1.607382483,-0.560375049,0.182190895,77,0.885,0.407
2023/7/21,1.073042158,2.05848715,1.155074409,1.764620281,-21.86006701,0.651652681,1.77964998,0.6810469,1.210201618,0.408719915,64,0.769,0.549
2023/7/24,-0.578888624,1.117085321,0.313700295,0.221165633,1.755046803,8.14537422,2.039018203,0.496502938,3.14884199,-0.136054443,63,0.091,0.366
2023/7/25,1.14361645,-0.622714636,-0.07563071,0.671549835,-0.69832686,5.765722646,1.081871353,0.090009007,0.281402079,0.090723526,64,0.369,0.096
2023/7/26,-1.714858254,1.16578103,1.053659893,-0.881645561,14.82266703,-10.55106955,-0.864558699,0.089928064,-0.795079849,-1.0254163,75,0.357,0.518
2023/7/27,0.165116445,-1.671165538,-2.402973074,-1.236302431,-6.490112463,-4.496080428,1.579358026,-0.224971973,-0.244924389,2.331741182,71,0.312,0.259
2023/7/28,-2.472010967,0.14308516,-0.395170657,-1.206396051,4.599235755,-9.522449367,0.886373468,-0.225479239,0.668898815,0.580099797,52,0.533,0.324
2023/7/31,-2.153806691,-2.878699282,-1.663562818,-2.051295211,-1.676537251,10.55961147,0.66842817,-5.093693636,0.498754151,0.022244467,64,0.106,0
2023/8/1,-2.555117711,-1.701051348,-1.794124288,-2.307299169,33.79024684,-4.111650196,-0.76260122,-1.002634324,-3.981790636,-1.501428765,70,0.229,0.388
2023/8/2,-1.692329746,-2.565738411,-3.286952542,-1.660631913,-5.17870577,6.084984119,-2.034452418,1.002634324,0.437115737,-1.799797984,42,0.061,0.305
2023/8/3,1.443853017,-1.691724882,0.948540398,0.108361939,-26.25994756,5.735856626,2.304961257,3.041170042,4.774484377,-0.78467977,52,0.243,0.377
2023/8/4,-1.191767174,2.092574275,-0.198331746,0.240384731,-33.20782347,-4.674436502,1.283714676,-0.23068061,-0.758920921,0.830646216,21,0.412,0.4
2023/8/7,-0.927438144,-1.708834747,-1.257434748,-0.892324744,13.08637284,4.765993634,-1.04908294,3.628515974,-1.149291159,0.114823758,56,0,0
2023/8/8,1.596576738,-1.022565301,-0.106489982,-0.303269475,8.663733547,2.134207629,0.967881149,2.202732232,2.335724361,-1.223892428,71,0.167,0.291
2023/8/9,-0.083397872,1.963664629,1.585563782,1.435402487,15.47383966,25.74101929,1.588796948,0.954040194,7.328311153,0.57917456,72,0.134,0.283
2023/8/10,0.771746187,-0.118638049,-0.713328172,-0.564464358,-28.33826717,-6.996145619,-1.322238292,1.414208271,-2.180790144,1.626797246,50,0.663,0.632
2023/8/11,2.626354632,0.780422549,1.986935755,1.161481057,-15.85806545,-5.260645552,0.473414659,-0.854706058,-1.464612015,-1.442167607,33,0.36,0.322
2023/8/14,1.316184952,1.947924191,1.382484172,2.353049741,19.23261878,-2.939218673,-0.693564218,-0.775531677,-1.131054928,0.092187146,60,0,0
2023/8/15,-1.235572291,1.899370601,0.53188605,0.810658753,-1.826534798,12.53934516,-1.542987947,0.989894031,3.579961874,-1.018763152,45,0.239,0.152
2023/8/16,1.949335022,-0.670952651,0.326779264,0.746915279,18.07842775,-3.252571059,-1.710865064,-0.773864567,0.129724648,0,75,0.129,0.142
2023/8/17,0.304345611,1.089434288,1.096453142,0.39988628,1.273902578,-2.486580139,0.799670073,0.129394023,-0.389679893,-1.358971242,55,0.33,0.248
2023/8/18,-0.904471966,0.090252714,-0.871708694,-0.49151382,-20.58882212,-2.230413953,0.805119196,0.644470544,0.236350855,-0.283487079,65,0.741,0.253
2023/8/21,-0.227402031,-0.067681898,-0.438720542,-0.470913407,-9.88155388,11.58129051,-0.401749329,1.487806403,5.912374602,0.189080652,75,0.157,0.203
2023/8/22,2.428996064,-0.872675114,1.887375249,1.030818886,51.86916014,3.891915636,-0.510417157,0.252844635,5.075910634,0.893282856,85,0.241,0.11
2023/8/23,-2.258396079,2.373431246,-0.17716758,-0.468277939,1.521327516,-13.91212429,-0.980634503,-0.464037956,0.137384434,0.163685293,56,0.235,0.502
2023/8/24,-3.221801664,-2.944209051,-3.243892943,-2.6096001,-5.695120597,-13.92421468,0.180104509,-0.084602374,-1.714905956,-0.844678884,68,0,0.312
2023/8/25,0.046931832,-2.656614675,-1.070390608,-0.707550122,-33.25375264,7.585836022,1.334624195,-0.339127074,1.291580104,0.047114253,39,0.488,0.175
2023/8/28,0.409716698,0.398921097,0.092528343,0.342607695,-50.41614007,0,-0.07104796,5.574198301,0.063613234,1.403203566,65,0,0
2023/8/29,-0.703402666,0.374006981,-0.011561362,-0.318941857,42.85664394,1.886309145,1.259506968,-1.130868271,-0.031801559,0.717346591,77,0.035,0
2023/8/30,1.169603976,-0.949429859,0.161737558,0.141877536,6.663967755,1.695622007,0.431865276,-0.692890484,0,-0.230840361,61,0.431,0.385
2023/8/31,0.034877638,1.391753942,0.747516562,1.104464288,-16.50797504,-4.649350499,1.157956431,-2.904768544,2.750212546,-0.324074358,54,0.564,0.504
2023/9/1,-0.454360891,-0.08133388,-1.106002057,-0.68003545,5.504398825,1.194286327,1.926973712,-1.570157444,-0.196169595,-0.534698473,63,0.621,0.576
2023/9/4,-1.838373715,-0.46603836,-0.802563191,-1.481508579,15.61808949,-6.561486475,0.50690055,0.341588718,-1.20085658,-0.210010578,71,0.122,0.062
2023/9/5,-0.202393069,-1.70783257,-0.962222866,-0.179265061,16.88695163,2.683665395,1.161764631,1.732559713,-0.403511618,-0.140252477,77,0.442,0.403
2023/9/6,-0.250581839,-0.273597982,0,-0.587848853,-5.275812285,-10.27545471,0.620019701,-2.416907978,-3.483630387,-0.727788164,59,0.108,0.296
2023/9/7,-0.491048355,-0.334089322,-0.626887144,-0.53082523,7.132709005,5.389248957,-0.75338269,0.128672546,1.167580832,-0.519727133,100,0.538,0.397
2023/9/8,-2.025416397,-0.179436617,-0.332779009,-1.695679543,1.531243111,6.549742209,0.808555106,0.171306252,1.111597594,0.472590672,56,0.442,0.357
2023/9/11,0.134680155,-2.093113739,-1.789730073,0.098376791,-21.49944957,5.669348791,-0.011032048,0.299081616,3.488604423,0.376471033,84,0.062,0
2023/9/12,-0.749159169,0.073331707,-0.121270934,-0.468154114,23.75322888,-3.213309608,1.554492167,1.398031666,-1.89633163,-0.329334572,79,0.949,0.1
2023/9/13,3.202602672,-0.735748261,1.708414987,-0.507583881,25.0869885,5.948090991,-0.195716057,1.668791334,-2.328393895,-0.354066226,67,0.402,0.213
2023/9/14,-0.99586881,2.982762346,0.28588465,2.306567722,-44.0302379,-3.337865632,1.961481142,0.412882502,-0.364729003,1.338833856,72,0.379,0.071
2023/9/15,-1.0058862,-0.996466616,0.02378687,-0.718157794,-1.180979339,3.164367432,0.245163476,0.738919618,-0.993635997,0.79015052,72,0.156,0.079
2023/9/18,-1.497144175,-0.848181506,-1.727282958,-1.377635564,14.36131745,-5.144182083,0.530899527,0.204290163,2.423451222,-1.14074104,65,0,0
2023/9/19,0.517944184,-1.483324776,-1.168322891,-0.23560058,-24.4248479,6.70562015,-0.095354142,0,2.645076061,-0.046838408,82,0.363,0.179
2023/9/20,1.779883632,0.775054627,1.554750132,-0.049670931,34.05487035,1.884052342,-0.862303741,0,0.985634263,0.88619983,53,0.806,0.534
2023/9/21,1.99779358,1.339034006,1.957336626,1.467260155,-11.77143189,5.308993887,-0.246213259,-0.204290163,1.591276673,-1.544251558,56,0.602,0.128
2023/9/22,1.025166582,1.488265588,1.687605972,2.358742557,13.29901206,1.568620927,-0.032159511,0,1.516843772,-0.094361885,64,0.689,0.031
2023/9/25,-0.481815375,2.366347392,-0.116279083,1.330027919,-27.06824683,9.845536733,0.021440823,0.245098162,-0.019809826,-1.09161027,73,0,0.148
2023/9/26,-2.843680263,-1.123212932,-0.958623193,-2.70222085,14.56997819,-9.777040229,0.715623882,1.176245563,-0.06936531,-0.886764349,62,0.331,0.414
2023/9/27,-0.790902705,-2.369299471,-2.473666384,-1.096769464,-9.383887007,-2.797246454,2.719184908,-0.687844104,0.464818124,0.072193482,70,0.509,0.417
2023/9/28,1.51545605,-1.419668326,0.228516547,0.256990902,-27.0755165,0.941136302,-1.2192096,-0.121876919,-0.435084242,0.647406649,69,0.142,0.205
2023/9/29,-2.017569652,1.419668326,0,-0.490076943,0.528635592,4.909856086,-0.073417592,0.24360548,-0.188464074,0.476872625,52,0.373,0.482
2023/10/2,-0.925075977,-1.921966472,-1.916371563,-0.987418539,26.00633905,-6.912841876,-4.946713232,1.887985382,-16.83998522,-1.028102301,54,0.584,0
2023/10/3,-1.121507082,-0.88823678,-0.922686007,-1.373819534,48.23759623,-6.43487601,0.231239436,-3.936397849,-9.302164787,-1.03878214,59,0.248,0.563
2023/10/4,2.499820805,-1.033826235,1.812664451,0.050289164,-13.45476225,3.954176521,-5.784444917,-1.417280914,6.23601347,0.097087386,75,1.117,0.625
2023/10/5,-1.180244829,2.448799089,-0.024277737,0.925816697,-33.10325133,-6.546304078,-2.048576467,0.335289501,-4.700474662,0,56,0.896,0.3
2023/10/6,-0.297250652,-1.229271779,-1.492199899,-0.374298628,-21.96519857,5.012982712,0.60480469,2.724064434,0.607673727,1.061786037,57,0.121,0.191
2023/10/9,1.245008377,-0.247678145,0.993202941,0,31.4901598,14.55108909,4.13420768,2.968529245,13.86143756,-0.819479158,65,0.13,0.13
2023/10/10,3.739090374,1.501381882,3.712556645,1.98026273,45.98829326,13.19861422,-0.568829748,2.921337247,5.077123747,2.273097033,76,0.374,0.305
2023/10/11,-1.139342968,3.374682288,-0.035275443,2.301736989,-19.9057381,-6.707025614,-2.10995318,0,-4.212833043,0,72,0.154,0
2023/10/12,1.973709404,-1.068513075,0.773199728,0,-24.81862018,13.86204621,0.209521669,3.210851841,1.018758134,-0.213143953,65,0.577,0.279
2023/10/13,0.245456263,1.715916902,1.056368289,1.462309835,31.10317368,2.02474958,5.530268788,2.858384414,-1.1495626,-1.52893566,55,0.835,0.098
2023/10/16,-2.661776593,0.409812645,-0.776680424,-2.07496116,-22.1282882,-12.05942255,-1.373678408,0.072228244,-3.994523384,0.312462699,74,0.391,0.1
2023/10/17,-0.915338199,-2.712311704,-2.677204531,-1.873078356,-10.72455304,0.70723979,0.278474143,0,-4.873340565,0.047984646,74,0.69,0.438
2023/10/18,-1.045983752,-0.819775537,-0.371235682,0.085905387,-3.530871584,3.066487346,1.76410308,-0.253027426,1.924157812,-1.109514517,52,0.568,0.606
2023/10/19,0.256426052,-1.107673671,-1.340680749,-0.837649638,7.35223206,-1.763855559,0.957153272,-0.471613426,0.884652493,-0.437531082,72,0.101,0.101
2023/10/20,-0.403250989,0.342131321,0.315649163,0.259435565,-12.59445456,2.049547365,-0.238430805,0.362976805,1.049061439,-1.497144175,54,0.662,1.288
2023/10/23,-1.691711642,-0.722289974,-1.219527309,-1.228989462,15.25357077,0.442793481,-2.560720171,-0.544960477,-0.644272822,0.296296513,56,0.155,0
2023/10/24,0.447316849,-1.39810505,-0.196511977,0.187184181,-2.016778238,-3.696684477,-1.978704242,-0.072886301,-0.694929829,0.516415755,60,0.864,0.584
2023/10/25,-0.909153781,0.596275059,-0.443568988,-0.575145371,7.023385513,1.672388385,2.312111975,-0.989200226,0.60255107,0.269442906,83,0.312,0.152
2023/10/26,-0.438844664,-0.995776214,-0.333972727,-0.326551408,2.782415985,1.526015312,-2.471202918,0.147167061,-0.590929244,-0.638038974,72,0.459,0.102
2023/10/27,-0.276834202,-0.375987409,-0.434594339,-0.239309894,-17.80037153,-0.269948556,2.858778842,0,2.422482275,-0.716494727,59,0.872,0.449
2023/10/30,-0.733530543,-0.238858621,0.768567066,-1.039431338,44.74465815,1.640156622,-3.406163034,-5.594807393,-0.854365281,0.148662069,63,0.108,0.283
2023/10/31,0.796514736,-1.012026348,-1.844518894,-0.421375839,-13.30133026,-3.008999288,-0.045750887,-4.046565574,5.400098554,0.764586287,68,0.186,0.343
2023/11/1,-0.94895379,0.949073875,0.826761568,0.28111442,-9.863060344,-1.428711696,-3.232087891,-0.813012608,-7.154327035,0.831910841,73,0.306,0.244
2023/11/2,0.507229086,-1.331239945,-1.204833852,-2.755494172,55.37916596,1.750591751,2.589367901,1.297666223,-5.713786794,1.882749314,69,0.096,0.039
2023/11/3,-2.380760084,0.3312949,0.629328698,1.121702122,-55.02410599,-1.554561304,-2.282619194,0.36195495,0.393701296,0.238834601,56,0.285,0.255
2023/11/6,-1.724631196,-1.447907927,-2.824974726,-1.964699738,-7.46144295,-7.530757411,0.341036375,-3.513433272,1.365874893,-0.478240988,60,0,0
2023/11/7,-0.68765148,-2.310958642,-1.272909771,-0.983658071,15.25126778,2.528041506,-4.281486101,0.621763661,6.312946202,-0.167926152,73,0.477,0.453
2023/11/8,0.053064475,-0.569575684,-0.156985904,-0.026720107,-8.399273139,-0.386781178,-2.56917637,3.332287188,-0.079631424,0.622309332,73,0.442,0.423
2023/11/9,2.488668058,0.490294496,1.700566716,0.466574198,12.43837197,4.988858796,0.589158708,1.152406952,3.631886963,1.16239003,61,0.684,0.397
2023/11/10,1.540466919,2.660910873,1.482076445,1.452362471,-15.8583944,-3.577915726,1.759212862,-1.472663431,-2.2081341,-0.757579381,61,0.639,0.2
2023/11/13,-1.87738573,1.037207583,0.088736775,-0.157418372,4.02947074,1.592081811,1.329693272,0,-4.697424411,0.781161506,73,0.11,0.201
2023/11/14,1.96651797,-1.424105151,0.215176338,0.562939236,0.303336936,-0.460695207,-0.060609736,-0.200682387,-1.433079538,1.544251558,90,1.05,0.575
2023/11/15,1.553355727,1.513237391,1.480950761,2.539287044,2.246163811,-0.809243226,-1.576567943,-0.847291734,2.636998001,0.440172146,67,0.756,0.117
2023/11/16,-3.312404743,1.553355727,-0.474526365,-2.682993385,13.2049545,-2.294424767,-4.742376626,-0.568875975,-2.291656783,-0.347343177,90,0.513,0.063
2023/11/17,-1.264437103,-3.454993398,-2.805286451,-0.616354977,-37.06124518,-1.509561409,4.037756615,-1.47785941,-0.895581841,0.854607349,65,0.979,0.774
2023/11/20,0.562497395,-0.598492549,0.15436072,0.170861578,-2.666824708,2.19999308,2.099138023,1.314727236,6.826492678,0.137899355,87,0,0
2023/11/21,-1.909585911,-0.026102845,-1.410935321,-1.415086762,5.630004469,-3.902463708,0.157795748,-0.081665991,-0.33666287,-0.252960926,89,0.757,0.305
2023/11/22,-0.146364207,-1.631829867,-0.667061528,-0.266737955,13.78559698,1.093976313,-0.596072563,0.366972889,0.033717337,0.459454059,85,1.228,0.524
2023/11/23,1.938479635,-0.092918305,1.329702814,0,9.159369026,5.85776235,-0.66103803,0.6490895,0.604976078,0.206067617,72,0.921,0.615
2023/11/24,-0.143762686,1.816078337,-0.038857587,1.484650812,-41.17712168,-0.066761248,-1.037046331,0.080840748,0.601338115,0.251285112,54,0.807,0.33
2023/11/27,-4.534984247,-0.444387086,-0.897917413,-4.315475716,72.75838688,-6.536809407,-0.747387634,-5.865686216,-0.111086437,-0.388616331,77,0.057,0
2023/11/28,-0.783132394,-4.418981103,-3.715226563,-1.077358487,-17.02647726,-3.196433112,2.103257044,-1.597961016,0.830155855,-0.252264782,92,0.58,0.13
2023/11/29,-2.401008694,-0.976825543,-0.62602273,-2.034158656,17.62412361,-6.010718118,1.7235528,-0.392585019,0.439947916,0.549577751,100,0.282,0.376
2023/11/30,-0.311306322,-2.491730256,-2.124804,-0.170212807,-8.329017619,4.57424469,-0.325438725,3.858172475,-1.314572921,0.273660376,87,0.218,0.656
2023/12/1,2.643325707,0.339606949,1.960847139,0.184384138,-19.82186777,2.325042459,-4.886260432,1.253672918,4.330528689,0.726120731,77,0.838,0.611
2023/12/4,-2.827736001,1.736495112,-1.446206598,-0.596931846,38.49748315,-8.455202338,-1.083434217,-1.253672918,-5.696425428,-0.022611645,88,0.246,0
2023/12/5,-2.181800339,-1.835428057,-1.6788307,-2.4970627,-3.146326946,-5.487253861,-1.06939111,-0.802199784,-1.636586136,0.810815253,82,0.097,0.323
2023/12/6,0.072532099,-2.302898023,-1.249306425,-0.073104762,-28.65954701,2.964633788,-3.828850531,2.346148668,0.889807377,0.826543296,92,0.491,0.857
2023/12/7,1.45399524,-0.362398019,0.271060869,0.408700029,-2.195960002,1.705475517,-0.337041101,0.824746943,3.350397123,-0.378914975,88,0.515,0.514
2023/12/8,-1.948254133,1.641978414,0.808801855,-0.291758048,-1.251133389,-2.882863062,2.388531723,0.940125461,-0.583798541,1.088295028,55,0.917,0.577
2023/12/11,-1.88296237,-2.166149678,-3.246012402,-3.251715486,26.81581833,-7.39337023,0.250214129,-0.775989191,-10.54587185,0.462810743,84,0.16,0.14
2023/12/12,1.327648945,-1.767350862,0.145878946,0.93135719,-23.28188168,-3.935378921,-3.738627943,-3.462285344,-5.25475211,-0.176056384,96,0.045,0.213
2023/12/13,0.933495694,1.343094502,1.991695221,1.675478441,14.33033694,3.345931626,1.383072894,-0.042453832,-0.129466616,-0.176366889,58,0.145,0.29
2023/12/14,-3.17112332,1.325294283,0.256886112,-3.015153779,-11.71720903,-3.230657838,3.115516778,0,-3.910153383,0.242424361,71,0.218,0.143
2023/12/15,1.250947065,-3.47400257,-3.392121137,0.347931672,-62.25488332,-5.02024513,-0.078349443,-0.63897981,-0.825165318,0.72376673,48,0.834,0.554
2023/12/18,2.974413762,2.221984468,5.116058136,1.215774825,-108.9200454,7.230657558,1.81234734,0.170794235,-1.823092094,-0.394132325,70,0.061,0.128
2023/12/19,0.215254442,2.502843122,-1.966534336,2.533645618,-141.2393114,-9.683263633,1.628741947,-1.11541268,-1.477172902,0.394132325,75,0.92,0.155
2023/12/20,4.813464137,-0.3434954,4.961307235,1.444068415,33.23428433,3.477019974,0.591457082,0.043131336,1.172379095,-0.043715848,49,1.02,0.321
2023/12/21,3.59577241,5.236798552,3.827899497,5.236798552,-57.00144952,2.545269097,-0.389717006,-0.172637074,2.412728413,-0.328479437,53,0.197,0.197
2023/12/22,1.387275226,3.186773885,0.859940153,2.020270732,-60.00567575,-0.269210674,-0.403887965,0.215749814,-1.295090012,-0.043878895,41,1.182,0.502
2023/12/27,1.03440281,1.815263688,1.914610364,2.735573001,75.76857017,5.373405452,0.730850027,1.284814248,-6.607647596,0.131578966,30,0,0
2023/12/28,0.256937449,0.542076702,-0.702474311,-0.129819569,-2.10534092,-7.457801143,-1.594566816,-0.212992626,0.087912094,-0.395257432,38,0,0
2023/12/29,0.051308364,0.398227773,0.753371373,0.388954205,-5.465841254,-3.470245335,-1.737160071,0.298062814,1.799758303,-0.044014085,0,0,0
2024/1/2,-5.117181313,0.217711554,-0.497354848,-5.642795362,-25.45298651,-5.658280716,-1.503984407,-10.24358473,25.02750186,-0.066057472,53,0.059,0
2024/1/3,1.77919214,-5.212179206,-3.433367141,1.575691389,-118.9584067,6.620063716,3.0623906,2.603587324,8.333681009,-1.48676876,74,0.399,0.049
2024/1/4,-2.198479966,1.670603504,0.685656695,-1.493578342,188.9951495,2.866842841,-0.847027651,3.028480035,-0.910885089,0.646241803,42,0.129,0.091
2024/1/5,0.257191343,-2.863676224,-2.071237082,0.109379284,-129.6887773,3.698923555,1.496670087,3.241632936,-0.835339513,-0.266904073,33,1.048,0.859
2024/1/8,-5.573595545,0.489796898,-1.065489883,-4.59995821,71.9122667,-9.973272352,-3.409421134,-2.443402534,-10.5861614,0.422269768,61,0,0
2024/1/9,-0.085800091,-5.840463938,-4.181118417,-0.919943242,-48.55078158,-2.97683214,1.912751048,-1.737624472,-5.019574414,-0.333222568,61,0.155,0.195
2024/1/10,-3.168409197,1.144504625,-0.325710123,-2.604009043,44.62871026,0.885537757,-1.023391275,-2.043203882,-0.787502532,0,61,0.392,0.107
2024/1/11,-2.633305957,-3.812884857,-4.05265299,-3.422358571,34.59509806,-0.519954376,0.791133106,-2.320289708,-1.757164034,-0.625002035,79,0.296,0.08
2024/1/12,-3.329530734,-1.099565313,-1.143888281,-3.432474254,-73.16134614,4.073336815,1.13039097,2.136634927,0.138199658,0.758424336,60,0.874,0.452
2024/1/15,4.744577678,-1.399255509,0.788753252,2.523447118,377.298629,-7.534073292,-0.178982405,-1.202048685,-1.041183092,-0.445435035,66,0.185,0.058
2024/1/16,-2.13015079,1.473932534,-0.088981172,0.678700739,1.075761159,-0.812792337,0.178982405,0.232288142,-0.349484073,-0.290600406,64,1.04,0.266
2024/1/17,-3.385416467,-2.402472579,-1.993023188,-3.424617359,13.33641918,-7.27696198,-0.525070042,-0.605075153,-2.958681027,-0.989884348,61,0.363,0.441
2024/1/18,-0.04739711,-3.580706319,-2.980251288,-0.574347463,-34.28915478,0.08773213,1.554369427,-0.046696242,0.196502323,1.124112556,75,0.136,0.826
2024/1/19,0.220994565,0.442828495,0.155811811,0.68564408,-18.35317445,2.082805983,-0.685021073,-0.985692092,0.313602766,-0.111844324,45,0.137,0.286
2024/1/22,-1.605375016,-0.537975981,-1.885958774,-3.344685307,35.7203206,-4.314480658,1.891368952,-0.615095386,-2.21615718,0.780296011,72,0.065,0.034
2024/1/23,1.368576421,-1.647641848,1.214238683,1.208572607,-6.490827526,-0.239413551,-0.639059878,0.142281267,0.58518587,-0.33366731,85,0.521,0.615
2024/1/24,3.920855517,2.169836246,3.541555651,2.500931885,21.28341817,6.69233157,0.614075493,0.283956651,1.395861484,2.138293749,74,0.842,0.371
2024/1/25,-3.699826062,4.731601417,0.498001482,-0.412502568,2.051353983,-4.133588115,2.942293861,-0.189214815,0.052294419,0.391815913,59,0.605,0.412
2024/1/26,-0.490080816,-5.063591288,-2.13000598,-1.280017477,-15.37602836,1.262441493,1.349580672,0.378072284,-0.432249019,1.123364589,71,0.922,0.763
2024/1/29,-2.130295984,0.710062155,-1.50285577,-0.840884644,2.784194208,0.187279461,-1.385981813,-11.69579045,0.366876722,0.064426073,57,0.224,0.039
2024/1/30,3.577772483,-3.146470537,-0.062460964,-0.455729955,1.276144931,5.065261712,0.568767795,1.94282824,0.143762686,0.513919761,74,0.985,0.593
2024/1/31,0.591809857,3.648353648,1.734326531,2.640204869,-7.018040874,1.641939323,-1.409672146,3.525269256,-3.847396318,-0.363753477,65,0.867,0.406
2024/2/1,-3.283123155,0.37476621,-0.415353262,-1.34359027,3.819189719,-4.191613257,-3.753323797,-2.33631754,-6.316414933,-0.343569159,73,0.832,0.232
2024/2/2,1.875750434,-3.343945191,-0.773758116,-0.322580925,-20.96904336,0.322287114,-1.75611768,1.124181487,0.447169876,0.429277328,67,0.532,0.403
2024/2/5,-1.443438496,2.78126787,-0.093254592,0.274260074,6.467770967,-3.053997734,0.849863472,-0.254388334,1.457376845,-0.064274239,76,0.154,0.366
2024/2/6,1.427689225,-1.595736522,-0.530091668,-0.112839538,0.624351664,1.090241756,0.766385154,0.457434089,1.966355491,0.874858882,69,0.29,0.304
2024/2/7,-1.860001162,0.887908164,-0.454368193,0.40241503,-8.720000285,-1.5963523,0.78580886,0,-1.99472831,-0.276566499,81,0.665,0.644
2024/2/8,-2.617397242,-1.350835002,-1.870398479,-3.232406785,38.89169416,-0.917504434,3.009428799,-0.968160429,-3.405812583,0.594734123,85,1.005,0.376
2024/2/9,-3.196657424,-3.252319171,-3.252319171,-3.494911276,1.219992257,-2.864334722,0.68367987,-1.704146585,-5.228275058,0.190415799,53,0.876,0.756
2024/2/12,-2.758795652,-3.122630746,-2.850151013,-2.805306358,-7.105204638,-5.843453461,-0.23143929,-1.574835697,-4.136996623,0.653115142,74,0.203,0.145
2024/2/13,-0.966191091,-2.486315919,-1.559719681,-1.675021343,-3.224752346,-0.736946623,0.934642963,-0.424178791,-1.069702258,-1.204197503,74,0.396,0.509
2024/2/14,-0.371386049,-1.35529664,-0.55430594,-0.432199484,-0.801522958,-1.817346788,-1.423641493,-0.319319058,-2.290994308,0.445340573,72,0.494,0.402
2024/2/15,2.64024428,0.0177195,2.538294396,1.291034607,17.30310393,0.049111894,1.532317468,0.690573794,-1.579599303,0.632780006,75,0.316,0.341
2024/2/16,-1.460133711,2.64024428,-1.432738136,0.284647052,-33.24901507,-0.887725705,0.733484921,0.052924055,-0.662760519,0.482434077,62,0.746,0.24
2024/2/19,-7.204929235,-1.460133711,-1.907792861,-6.211356061,38.59009025,-4.439922402,0.107765083,-0.105876135,1.636158003,-0.041858519,86,0.51,0.467
2024/2/20,1.993545294,-6.529757877,-3.691903905,-1.985555875,2.797385204,2.320527261,-1.470792035,0.158772195,0.539490676,0,78,0.311,0.371
2024/2/21,0.55187778,1.022789018,-0.109071089,2.701324612,-49.40002608,-0.287138108,0.834497193,0.73762189,1.539638062,0.2091176,98,0.625,0.286
2024/2/22,-3.585818347,0.792411776,-0.91358209,-1.722711794,18.51879149,-3.126865292,0.767850203,0.471328445,-0.609707747,1.677926471,72,0.548,0.047
2024/2/23,-0.152235995,-2.943032298,-2.735308684,-2.415809822,15.96301456,-1.47682009,-2.480616033,-0.156862777,1.346268897,0.328138112,48,0.647,1.178
2024/2/26,2.482730492,-1.504646994,2.808703183,0.837640039,-9.344383254,4.907688318,1.108753363,3.395387893,-0.048935651,-0.204960105,73,0.347,0.032
2024/2/27,3.880621722,3.117282729,2.928096411,1.730812438,24.16403255,2.168558707,1.347956383,1.25661367,-0.130612263,0.491200333,80,0.295,0.263
2024/2/28,2.209155848,4.45649808,4.748305211,5.562137895,23.19149632,5.568134258,0.035857288,4.301738508,0.212158382,-0.102134622,78,1.388,0.568
2024/2/29,-1.35505813,2.321187386,-1.816985195,-0.36133734,-34.96979988,-3.963909315,-0.071727439,-0.095739596,-2.995177152,0.020435271,89,0.677,0.321
2024/3/1,-0.230598772,-1.806591272,-1.692146787,-0.308166654,-16.83661338,4.291139837,-0.083747089,2.413176008,2.880993957,0.142930091,61,0.835,0.537
2024/3/4,1.707938339,-0.177147965,1.622930656,-2.910501996,39.68209989,4.680282906,-0.901719365,3.806926112,-0.819408059,0.346267787,68,0.125,0
2024/3/5,4.639303957,1.548236415,5.81676557,5.862151744,35.90852211,1.969782929,-0.922112819,1.474228174,3.794143039,-0.427917107,99,0.384,0.265
2024/3/6,-2.037278981,5.055104972,2.531780798,2.369036067,-8.891881095,-3.299848117,1.115163072,-0.133126268,0.521451762,0.509217925,83,0.992,0.755
2024/3/7,1.0995628,-2.453079996,-2.760688681,-1.194922868,-20.93686911,-1.775868177,0,-1.882619475,-1.716780362,1.191572212,82,0.403,0.434
2024/3/8,-1.594064617,0.356567149,-1.467583435,0.694447235,-45.98092993,0.747581482,-1.06641825,0.451468035,-1.795728913,-0.281463797,53,0.896,0.439
2024/3/11,-4.135632528,-1.330850559,-3.309994843,-3.521490629,20.65148292,-5.338346056,0.158256774,-2.139849461,-8.212616942,-0.686871387,99,0.369,0.211
2024/3/12,1.538083888,-3.424513526,-2.011861128,-1.008654085,-4.114907857,0.20821662,-0.353378787,0.687918329,3.088442276,1.088720431,83,0.531,0.772
2024/3/13,-2.002370436,1.060830316,1.426359197,0.739474918,-13.93902642,-0.160128137,2.543071665,0.364963909,1.990369355,0.340306604,83,0.7,0.446
2024/3/14,5.111429143,-1.792258071,2.186626239,-1.029540386,26.00604951,4.496723727,1.640638747,2.206799755,1.172150058,-0.200040075,64,0.518,0.397
2024/3/15,0.981561443,5.317156514,1.79189254,5.406722127,-11.47398948,4.112224054,-0.093698765,0.089047201,2.238776631,0.459495364,64,1.148,0.484
2024/3/18,3.377804568,1.013522189,3.377982919,2.312241742,21.61717809,7.436000416,1.799967309,-0.178173767,1.10086914,-1.506203794,81,0.045,0.053
2024/3/19,-0.179255324,2.980353039,0.878670083,0.251783599,-22.35902125,0.598804184,0.562347267,0.710798195,1.152565984,0.424028904,83,0.718,0.217
2024/3/20,-2.143174677,0,-2.268254569,0.568373312,-21.42480145,-3.198508113,-1.650069169,-1.068100942,-1.782463892,-0.08062891,65,0.377,0.334
2024/3/21,-1.072216672,-2.076883618,-1.9718023,-2.003602676,5.60559203,-4.308358614,-0.197985274,0.713333386,0.194237678,1.043138847,76,0.344,0.361
2024/3/22,3.524812653,-1.578008235,2.943312532,0,6.131702718,4.811434018,-0.408855193,0.752382394,0.62867943,-0.359856446,64,0.326,0.396
2024/3/25,5.288552206,4.289091881,5.379580021,4.781787435,32.40314052,2.301169402,1.533309166,0.308166654,2.130446237,0.280000183,63,0.418,0.158
2024/3/26,-2.878797048,4.376788616,0.381010901,0.77519768,0.532545637,-5.992673163,-0.578036292,-0.131955154,-0.615386557,0.458305076,83,0.75,0.317
2024/3/27,-0.620971663,-3.072317264,-3.766427368,-1.752722571,-41.80849772,0.115640371,-0.185679524,0.30762494,0.646842991,0.178766559,69,0.514,0.548
2024/3/28,-1.092029481,0,-0.6656126,0.392157365,3.904542857,-1.704710911,1.601693514,0.087719304,0.798813865,0.119000411,64,0.853,0.5
2024/4/2,-5.016362429,-2.069262323,-2.234999374,-4.605418435,17.51835619,-5.079069439,1.632689329,6.861284897,-20.99701721,-0.895974137,85,0.606,0.371
2024/4/3,-2.318695549,-3.20332758,-3.423802543,-2.858079704,-17.77012771,-2.409755158,0.482415251,-3.626152649,-1.375857378,0.498754151,75,0.468,0.57
2024/4/4,1.449050713,-3.065570992,-0.320215998,0.333304405,-3.877137592,2.656821374,1.44446956,-1.109699821,-1.791562831,0.019898518,76,1.051,0.505
2024/4/5,4.389314287,2.354667524,3.173287273,2.011163487,13.07760278,1.894343235,0.57199584,1.194553454,0.475625153,-1.241257178,63,0.971,0.414
2024/4/8,3.826833513,3.094151005,4.195299819,2.424875065,23.24809804,5.347765029,-0.870289161,0.084781692,4.371223841,0.722604509,62,0.204,0.48
2024/4/9,0.895176767,4.303298721,1.355055389,4.64819394,-13.95745185,-2.483607432,-1.067863318,0.084709874,2.872795955,-1.146547811,100,0.827,0.215
2024/4/10,-1.750695293,0.676050055,0.663019929,-0.368501579,-8.583651882,-0.93078902,1.1784461,0.29592074,-2.269020536,0.161714205,59,1.171,0.909
2024/4/11,9.088876137,-1.324940518,5.748279815,0.815287067,62.76427658,8.966728981,-0.821223126,1.923136193,6.252605731,-0.689098795,79,0.945,0.499
2024/4/12,4.001388078,8.547531906,4.107733046,8.042229099,-3.335412744,3.585377702,0.788061129,0.454452342,2.805306358,-0.346338331,67,1.165,0.335
2024/4/15,-2.087522913,4.210397127,-0.237016493,1.530753704,-44.98579553,1.455705456,-0.387704723,-0.495868785,6.147326101,0.650938019,76,0.098,0.052
2024/4/16,5.665942962,-1.819385916,4.450031333,1.079224807,21.57995771,6.675380751,-0.088829675,0.660613468,4.115155727,-1.388344064,81,0.259,0.374
2024/4/17,-5.423932736,5.361766183,-0.562325755,-0.905764226,3.355569153,-5.840168701,-3.079595912,-0.951009855,-2.242351891,0.246406696,78,0.654,0.616
2024/4/18,1.719805568,-5.875465943,-3.081361712,-1.586757217,-18.98471634,3.840833543,-0.206422092,0,-0.620378988,0.307156994,84,0.808,0.458
2024/4/19,-4.327083255,3.748596405,1.484359304,-0.029351336,-9.81869598,-4.80516117,0.206422092,-0.291242145,-0.207651221,-0.450820436,73,0.535,0.524
2024/4/22,-3.142861697,-6.504390811,-7.226268236,-3.145991836,-10.10661503,-4.505683166,-0.332779009,-1.13137599,-0.208083308,0.512138782,80,0.37,0.166
2024/4/23,-0.030125019,-2.396126245,-1.447588055,-1.035332025,-11.50598284,-4.040535834,1.619006974,0.210482081,0.718451242,1.641540559,68,0.797,0.253
2024/4/24,0.705549726,-0.211097786,0.356453667,-0.829880281,-0.657752865,2.15780628,-0.453412702,-0.590469872,-0.09549579,-0.483579423,84,0.535,0.328
2024/4/25,2.306770922,1.125715452,3.596514869,2.649766723,17.54790182,2.55622348,1.118466159,0.295670754,0.508260306,-0.953837775,64,0.63,0.128
2024/4/26,-1.324327772,1.789856228,-1.035086872,0.045075502,-36.31823869,-3.580595671,0.548990231,-0.465018805,-0.412764517,1.53786924,70,0.344,0.447
2024/4/29,-2.565589672,-1.789856228,-2.709795977,-2.37129214,-2.254523832,-4.292870631,-1.236665564,-15.25982132,-0.798598718,-0.442745742,56,0.338,0.47
2024/4/30,5.038102429,-1.579574023,3.286166448,0.567529708,35.38479332,3.818671695,-0.61273311,1.567123159,-3.07766699,-1.237966089,77,1.024,0.537
2024/5/1,-1.88175635,4.795946435,-0.489702837,2.968650156,-76.09430336,-2.433967614,-5.161682786,4.000533461,0,-0.368249189,32,0.261,0.152
2024/5/2,6.802052437,-1.911490314,5.505462062,-0.148588437,113.780163,7.782544855,0.275267961,0.744189481,5.595415374,-0.164102601,61,0.525,0.655
2024/5/3,-1.17623995,6.846238313,1.854788162,6.058088589,-38.75866684,-1.320635481,-0.852192639,-0.697515034,2.073735717,0.53235179,60,0.694,0.543
2024/5/6,2.51542367,-1.315535139,-0.080515302,0.097922649,-35.23918118,1.390184574,0.445006447,2.03240252,2.331319632,0.813508656,50,0.352,0
2024/5/7,-3.903069456,2.082977579,-0.255393646,-1.337200585,53.4970141,0.45913308,-0.20421654,-0.091491315,-4.639889117,1.248003315,62,0.393,0.072
2024/5/8,1.498942403,-3.077592489,-2.176956718,-1.369688983,-35.26485842,-1.500791832,0.503779403,-3.019973986,-0.235386535,0.439122462,81,0.515,0.279
2024/5/9,2.336233779,0.519554634,1.88042058,2.160095356,-40.27291283,1.131007998,0.358294901,1.637463487,3.792069634,0.476853675,54,0.112,0.437
2024/5/10,-2.796132854,2.898753687,1.898706592,0.210659442,41.63347803,-3.528035216,-1.307992488,-0.791991095,-4.375069789,0.553470478,39,0.542,0.581
2024/5/13,-2.146065703,-2.996840993,-5.457507648,-3.613904662,11.79832158,-1.965461194,0.686129685,-1.318286511,-11.77632824,0.019710259,87,0.643,0.385
2024/5/14,0.042805166,-1.853608076,-0.238078678,0.391958112,-48.30588554,0.585367525,-1.1825889,-0.284765261,0.761537374,0.078802211,85,0.469,0.13
2024/5/15,-1.306645053,0.256739551,0.712542309,0.101368483,36.10133455,0.083344914,0.448132525,0.379507097,0.193883907,0.353843499,77,0.906,0.507
2024/5/16,2.286140428,-1.593830853,-0.782673457,-0.304414238,-12.92117315,1.392645741,0.626432599,0.801702007,0.40418296,-0.511510067,64,0.233,0.334
2024/5/17,-0.382139026,2.020270732,0.350164935,1.039870722,-0.154519732,1.804784722,0.849033501,-1.371504118,3.650543094,-0.157915548,54,0.624,0.119
2024/5/20,5.140673095,0.706716722,4.617675966,1.99153097,39.51023211,3.098354552,-0.322023058,0.759016927,7.459097062,0.295887384,55,0.346,0.05
2024/5/21,2.605837421,4.381469502,2.296524314,2.846426116,-4.328451478,3.648404641,-0.996466616,0.94074071,5.881359624,-0.434268349,68,0.152,0.087
2024/5/22,0.614903488,2.199942065,1.11588027,3.298851806,-5.362416417,3.592757249,-1.189478765,-1.652149924,-0.162902665,-0.416295576,83,1.1,1.021
2024/5/23,-0.74622327,0.879674812,0.771212049,0.026486558,8.432989674,3.421276527,-0.661523912,0.142687301,-0.163168471,0.158793205,70,0.568,0.134
2024/5/24,-0.421385928,-0.524247596,-1.808834847,-2.168469388,-30.75690915,-4.102710169,0.929784041,-0.095102242,0.074200493,0,63,0.769,0.249
2024/5/27,0.958704565,-0.527010442,0.377383492,2.247886997,-58.2349536,-1.003183601,1.186310971,-1.004072504,-0.591420571,0.356365453,74,0.868,0.299
2024/5/28,-2.528094403,0.382359224,-0.978928394,-1.910162934,55.52029345,-0.336643461,1.338772087,0.765920451,-0.197920038,-0.435730537,63,0.243,0
2024/5/29,-0.875131805,-1.98026273,-0.842997616,-1.631579362,4.515656702,0.96059852,-0.738890264,0.380771521,0.72998462,-1.29858982,55,0.134,0.361
2024/5/30,1.67620418,-1.133921437,0.316957476,0.574085776,-10.17659193,3.397917255,-2.103304903,0.284630173,-0.237776899,0.401365179,56,0.179,0.426
2024/5/31,-1.514063893,2.440780948,0.761858407,0.652087625,-1.15064031,-3.104195346,-0.293614109,-0.047382138,8.95994054,-0.180415003,47,0.859,0.354
2024/6/3,0.753197912,-1.387428873,1.789698917,0.540176871,43.97640325,6.264255409,-4.07607369,12.04125402,2.826628649,0.560225555,74,0.325,0.365
2024/6/4,-2.785316936,0.107411396,-4.05274792,-2.702867239,0.776375208,-7.791190629,-1.077762549,-1.780462463,0.924728926,-0.982464043,50,0.578,0.524
2024/6/5,-0.802328277,-2.445109586,-1.959919464,-1.829276729,-17.12199916,-1.563215725,1.141550266,-4.19275384,-0.104876779,1.519725309,58,0.489,0.184
2024/6/6,-0.65491769,-1.245346107,-0.382932634,0.407848115,-26.37618887,1.488737072,1.844884269,-2.027553125,-1.81329831,0.692181148,52,0.215,0.401
2024/6/7,-0.153899995,-0.055710308,-1.518736909,-0.323329163,-26.96635669,-2.667831556,-0.313499536,-1.698457171,-2.078347414,-0.355380433,52,0.743,0.699
2024/6/10,-0.716647485,-0.89561192,-0.95052435,-2.466093188,61.97715409,3.644051852,2.493152389,1.470614739,-0.752860992,-0.834165711,62,0.041,0.217
2024/6/11,-0.707616878,-0.479076582,1.353162867,0.833577693,-17.86679174,-0.295566718,0.354631983,-0.870566781,-1.564803791,-0.901538712,81,0.772,0.41
2024/6/12,-0.156349971,-0.495576235,-0.583659244,0.143020619,-11.24363046,3.383165941,0.826651924,0.779284255,-2.515678171,1.438586248,63,0.25,0.082
2024/6/13,0.807541401,-0.213143953,0.333936584,0.470522006,-7.629524911,0.511388401,0.181433373,1.089929046,1.604350448,-2.165715285,58,0.404,0.424
2024/6/14,-3.357560722,0.638073771,-1.258054054,-3.062053211,54.6237662,-1.205337106,-0.157223229,-0.99864652,-1.175900778,-1.882601129,50,0.72,0.323
2024/6/17,-0.541372308,-2.94033373,-2.680131909,-0.809959512,-36.14526164,-3.382289318,1.953678726,-0.457248167,-1.637967655,0.822880595,73,0,0
2024/6/18,0.322250169,-0.642525575,0.057778421,0.132988568,9.586921827,1.136095203,1.273752332,0.137394114,1.32395084,0.612747015,59,0.544,0.141
2024/6/19,3.393079957,0.700732794,2.22770886,1.1452188,-18.39996106,1.728588385,-0.305164556,1.363657495,1.897536402,-0.510361422,63,0.874,0.342
2024/6/20,-2.215484027,2.669887308,1.095516574,0.828673783,1.192477761,-3.026264631,0.749505792,0,1.862199449,1.240735941,64,0.392,0.264
2024/6/21,-1.661361441,-1.555951739,-2.94847723,-1.649552037,-11.17557173,-1.554500401,-0.549869768,-2.51441818,2.568948612,-0.730374519,66,0.319,0.3
2024/6/24,-0.722663716,-2.166884753,-1.800019568,-1.378310075,31.25557203,0.679932108,0.899276133,0.369686188,-0.673221878,1.73601453,53,0.68,0.362
2024/6/25,0.354610301,-0.841519693,-0.293384397,-0.239055844,-22.62515569,2.356259803,-1.169467193,0.460194093,17.31151174,-0.521670525,78,0.808,0.689
2024/6/26,-0.844261847,1.325498052,1.487341504,-0.074822301,10.472802,-3.213227871,0.281921953,-0.275862244,-2.368471256,-0.282030807,75,0.102,0.156
2024/6/27,-1.106801607,-1.95012828,-1.914283632,-0.570486459,-15.7660995,2.190736671,1.328381221,0.367647473,-0.291290623,-0.384032812,68,0.676,0.312
2024/6/28,1.299980952,-0.478541365,0.910565845,-0.953036485,12.33515483,0.727904022,0.023148148,0.091701061,-0.526470944,-0.243309122,44,0.402,0.328
2024/7/1,1.429753886,1.043850814,1.854050792,2.016318685,-11.26398927,-3.821323067,0.219640572,-5.269328013,-12.25156243,0.929487395,50,0.306,0.143
2024/7/2,3.734456642,1.311639171,1.918899047,0.579281234,31.54512114,0.54766742,-0.416570841,-0.241838086,0.330928888,-0.645684245,62,0.816,0
2024/7/3,-0.02820079,3.411138813,1.286911032,3.607139176,-7.490542036,-3.568575168,1.26744409,0.483092727,-3.907799835,1.327186181,68,0.996,0.256
2024/7/4,-1.034809716,0.127271459,-1.104057054,-0.243152519,-27.14601539,2.611385804,0.102992514,2.663019943,-0.834861854,0.41861917,43,1.46,0.638
2024/7/5,0.241941341,-0.908580924,-0.014053826,0.157401478,-41.41368219,-0.914660161,-1.02317384,-1.465400839,-0.841890518,-0.338746961,50,0.806,0.713
2024/7/8,-1.879673679,0.668043135,0.979028799,-1.64339867,68.36005687,-2.981766841,-0.917064875,-0.477327875,-2.490224887,0.039912194,53,0.142,0.037
2024/7/9,-0.756037332,-2.06104333,-3.772426901,-0.905247823,-40.30698974,-2.990953041,-1.279285095,-1.445808318,-3.069555125,-1.629322979,61,0.972,0.115
2024/7/10,-0.820637665,-0.711127008,0.3030524,-0.470450735,-5.596295644,-2.194532514,0.494875524,-1.122784556,-1.009659654,1.309578502,58,0.105,0.321
2024/7/11,0.820637665,-0.745562989,-0.82471711,-0.383877631,4.150487326,1.339118909,0.375411046,0.440853028,-0.598714556,0.379582915,59,0.431,0.218
2024/7/12,1.20404733,0.585224787,0.997478455,0.133047547,9.872446805,1.307748006,-0.43419654,1.936168905,-0.995783726,1.386160809,51,1.245,0.717
2024/7/15,-2.585406547,1.491376372,0.086268877,-0.875441454,19.24406094,-1.210801804,-0.211914372,1.758182614,-6.192379745,-1.28650958,51,0.16,0.035
2024/7/16,0.531288145,-2.517778344,-1.900673829,0.089378823,-18.53192426,5.402350638,-1.328765546,0.3291797,1.980579036,-0.759851686,61,0.542,0.32
2024/7/17,-2.262674678,0.235536691,-0.205278664,-1.123018466,7.110127315,-3.306527059,1.599465412,-1.800143352,-1.417559773,-1.110113328,68,0.299,0.146
2024/7/18,-0.46781946,-2.350599151,-1.702357742,-0.604140185,-9.261934478,3.030737272,0.035254716,0.047789726,2.939993636,-0.427133773,59,0.697,0.402
2024/7/19,-0.166527932,-0.12050009,0.758537139,-0.425080343,-14.82192445,-1.737789968,-2.957172678,0.524185141,1.760119548,-1.148024089,52,0.403,0.553
2024/7/22,-1.850347156,-0.105556822,-1.132481184,-2.27737185,49.80666953,-1.035721142,-0.27873738,-0.190295015,2.359456096,1.595452128,59,0.223,0.324
2024/7/23,1.531658064,-2.227399484,-0.76720948,0.015562991,-28.29761814,-1.019238286,-1.701283307,0.23781224,0.447428039,0.324149392,49,0.246,0.273
2024/7/24,4.618832692,1.485365338,4.141378555,1.987585652,31.35572368,3.489818641,0.860378955,1.086710435,1.609009544,-1.159610187,45,0.24,0.173
2024/7/25,-2.677024106,4.633345427,-0.15950123,1.664183642,-21.52638884,-2.160083987,0.804489956,-0.14107691,-0.352061388,-1.00772061,52,0.603,1.178
2024/7/26,0.934794254,-2.960233823,-1.109014723,0.209832211,-51.16139565,2.555029208,-1.516848655,-0.094161966,-0.441826934,1.06908913,41,1.046,0.252
2024/7/29,1.567912551,1.188721278,1.094501988,0.611987879,23.75503147,4.608992352,-1.677995993,8.225049373,0.191698061,-0.965794007,42,0.446,0.119
2024/7/30,-0.291205797,1.422624271,0.564441762,0.400980711,25.06231999,0.998759863,-1.451954047,0.777877734,-0.265526045,0.597016699,58,0.485,0.319
2024/7/31,0.957778327,0.406918161,0.216247471,0.841271289,-1.36454359,7.742102274,2.623307004,0.600860177,11.08990639,0.532242812,42,0.921,0.335
2024/8/1,2.7492651,0.866431413,2.923437935,1.154392888,35.89295153,3.601857034,-1.49778137,2.61839283,1.208950335,-2.271417083,56,0.279,0
2024/8/2,-1.031009768,2.316596171,-0.266087966,0.896737279,-22.76086111,-0.41118022,-3.467372234,1.160394289,-1.314770451,-2.817087697,57,0.555,0.11
2024/8/5,-2.268582572,-2.029445938,-2.211914934,-2.316030984,-0.820916254,-3.110230909,-0.666190172,-1.703760307,-3.762326027,-1.471569511,47,0.067,0.206
2024/8/6,1.527627344,-0.676115645,0.913378692,1.767372374,-24.45200847,3.654404611,0.235633045,1.24949564,3.68288739,0.021798365,59,0.502,0.433
2024/8/7,0.925339367,0.97673859,1.466674155,0.043424767,26.38547364,4.514975215,2.390140264,0.248036506,-0.305100721,2.177514084,48,0.296,0.361
2024/8/8,0.691946558,1.742870897,0.419112097,0.893248988,7.577830889,3.791283371,1.054044936,0.247422807,-0.14624745,-0.042662117,37,0.636,0.87
2024/8/9,-1.303134588,-0.267248207,0.181071155,-0.157898547,-22.16653544,0.548893429,0.629645702,0.574950249,1.989132303,0.085306041,48,0.341,0.123
2024/8/12,3.51601453,-1.304243041,3.110052698,-0.215718786,65.90928133,-1.965464027,3.260352993,0.530938556,8.401790053,-0.085306041,39,0.161,0.219
2024/8/13,-1.889732489,2.897122885,-1.45392873,2.38987192,-42.06071913,-0.820059612,-1.975645582,-0.818000471,-0.492878319,0.5531929,42,0.418,0.49
2024/8/14,0.810286635,-1.101133155,-0.852238835,0.168539366,-49.27586322,-1.840897724,-1.159252621,-0.082169273,1.708626309,0.61343397,53,0.213,0.099
2024/8/15,0.333379945,0.879095873,-0.290316095,-1.100617855,35.62304007,1.506798436,1.592073429,0.492005913,0.082894196,1.880147299,42,0.61,0.337
2024/8/16,0.566965496,0.29132295,1.032995895,1.436846807,-42.79480695,-0.356207815,-1.692424666,-1.317433628,-0.59361447,0.557219479,25,0.337,0.278
2024/8/19,0.851302683,0.428502971,1.11733006,0.710754856,32.79582154,0.888151703,-2.567828897,1.521723791,2.771431487,0.635964806,56,0.28,0.087
2024/8/20,-0.095752692,0.605062352,1.279048066,0.884839176,38.81164698,-4.979972385,-0.594086727,-0.81967672,-1.681889681,-0.368777308,71,0.097,0.123
2024/8/21,-1.280921033,0.478698856,-1.23840592,-1.344162135,-40.29682279,-3.120568571,-1.500843833,-0.826450985,-0.200436311,0.634273226,67,0.292,0.248
2024/8/22,-0.793268372,-1.19416696,-1.624941878,-0.714038736,9.734845477,-1.282869385,1.526747213,0.620477689,-1.786187045,-0.040799674,40,0.341,0.195
2024/8/23,-0.616680301,-1.264520428,-0.372388542,-0.775799081,-28.25669718,1.260306208,2.304249415,-0.620477689,-1.464473979,0.447883485,43,0.18,0.312
2024/8/26,-0.903833296,-0.574996325,-0.860399424,-0.781864812,3.306086226,3.835025222,3.00427705,-0.083022006,0.024381324,-0.223690993,53,0,0
2024/8/27,1.408672399,-0.606618211,0.250556924,0.242320694,18.98425642,1.246340555,-2.33580007,0.497101272,0.49851158,0.101739758,61,0.785,0.095
2024/8/28,-1.012239769,1.181614536,0.388511658,0.156483423,8.512840133,-0.494518316,-1.137812528,0.617921637,-0.182094132,0.264039962,50,0.487,0.054
2024/8/29,0.408940851,-1.209919093,-1.366446247,-0.384533693,-9.187541488,-1.148939584,1.626872378,-0.370294601,-0.279856604,0.908638256,71,0.606,0.257
2024/8/30,-1.075279178,0.620857081,0.308382639,-0.171379648,-0.581960905,4.705999251,-1.436335642,0.329218404,-0.024372411,-0.08043435,43,0.357,0.373
2024/9/2,0.184750994,-1.502295827,-0.645888232,-0.573396066,17.61416705,-3.395534838,-1.637702928,-1.740615848,5.875170005,0.241109219,57,0.205,0.317
2024/9/3,-3.276142624,0.541157686,-0.777773842,-2.121247633,34.1470213,-3.916906826,-4.985497236,-2.368977112,1.884109581,-1.211401852,57,0.44,0.162
2024/9/4,-1.716526313,-3.335808538,-2.83655905,-2.002291588,-20.73272619,-3.867034433,-1.433961068,-2.207404062,-3.150498263,-1.370304702,60,0.466,0.653
2024/9/5,-1.201215645,-1.942384442,-1.160497784,-1.205741812,17.97028194,1.167845845,-0.013756104,-0.219058138,0.672778318,-0.536858609,61,0.331,0.332
2024/9/6,0.452148472,-1.038462188,0.088613209,0.136373989,-0.507842764,0.960995841,-2.26792329,0.655740055,4.077575068,-1.902032468,57,0.719,0.24
2024/9/9,0.030070666,0.60332008,-0.429026474,0.030280091,-30.9991583,2.373965341,1.09168334,-0.043582481,0.288152699,0.903272605,50,0.772,0.094
2024/9/10,-2.434691168,-0.346464156,-0.401099847,-1.987529115,34.21145748,-6.14449493,-3.758508048,-0.919647384,-2.839856367,-0.545189021,70,0.6,0.267
2024/9/11,2.254131384,-1.719850625,-0.972261043,-0.077237974,-9.229847823,3.176717178,2.031543402,-0.176133907,-0.502226829,0.210039985,65,0.735,0.541
2024/9/12,-1.441056413,1.432732936,-0.150421208,0.616239818,-26.83618579,-3.366066347,1.907758799,-0.35320125,-2.678886931,0.960541944,60,0.119,0.086
2024/9/13,-0.705308045,-1.264008301,-0.740352403,-0.786373646,7.645249994,1.574835697,-0.50146365,0.924505814,-1.396637686,0.662802758,44,0.729,0.719
2024/9/16,-2.777089542,-0.614913544,-1.481961275,-2.270156199,19.57188864,-5.500697655,1.579417703,-1.278958999,-4.174116932,-0.351566901,46,0,0
2024/9/17,1.771900533,-2.577260961,0.292015884,-1.114661222,5.756320445,4.857307707,1.297389314,1.759834243,0.85380708,0.763598799,38,0.777,0.861
2024/9/18,-0.999695923,2.020587187,-0.430637393,1.209627991,-39.28321096,-1.09742089,-0.067865629,-0.349497953,-1.677370507,-0.494642394,56,0.558,0.337
2024/9/19,-1.391106847,-0.872143824,0.82886123,-1.305751036,78.33288334,-6.33052999,1.656268926,0,-1.744230266,2.065301914,78,0.356,0.234
2024/9/20,0.903262619,-0.674882888,-1.960393105,0.7823142,-70.49575398,4.195900431,-0.522194398,0.087489069,0.622817393,-0.772047719,55,0.53,0.424
2024/9/23,1.113824363,0.314465668,0.884618169,0.728889299,10.74885243,5.425859052,-0.795206023,0.262008884,3.779664222,0.163032439,72,0.341,0.206
2024/9/24,-0.359459635,0.797439923,0.323949377,0.299519417,12.37337359,-2.252504383,1.703938724,0.130747458,-1.14118669,1.073428029,77,0.291,0.17
2024/9/25,2.122301018,0.108957906,1.011347879,0.188708972,9.808443416,5.794094772,-2.30111748,0.130576732,-1.254285304,-0.383490227,88,0.431,0.095
2024/9/26,1.942987657,1.497750533,1.753105197,1.078219681,-8.709175961,1.288209392,-2.564596642,0,-0.677118575,2.20008874,70,0.366,0.351
2024/9/27,-0.286037079,1.142869582,-0.435403435,1.450418884,-37.52197499,0.273119742,0.529322868,-0.304944693,-0.173149314,0.827427889,45,0.507,0.22
2024/9/30,-1.167652966,0.69455209,0.7644495,-0.23004381,18.83864226,6.03293696,-0.292174121,3.767568883,-0.521254083,-1.323214725,57,0.117,0.556
2024/10/1,-3.019506318,-1.868077712,-2.632527211,-3.722669455,62.72640866,0.420233284,2.463483829,-0.928668557,-1.313543084,-1.079362867,57,0.605,0.228
2024/10/2,-1.600541258,-2.060012442,-0.291702057,-0.335222598,-30.02495005,-1.972898779,0.461142822,-1.538491884,-1.983600398,0.140576386,48,0.42,0.45
2024/10/3,0.255264976,-2.119326515,-3.250286113,-0.851068967,-42.46530557,4.507747956,4.911229799,0.772204609,-0.867969679,-0.907172838,48,0.811,0.758
2024/10/4,-1.137741621,-0.834675793,-0.62136741,-0.972297402,7.964815253,2.287165945,0.552452102,4.225686204,-1.102341995,0.846950011,61,0.405,0.613
2024/10/7,-0.468460593,-0.841701311,-0.111937327,-2.222862579,87.86536103,-1.710451609,3.623493655,-0.69887232,3.761171889,0.200601873,70,0.149,0
2024/10/8,-2.408965322,0.648090408,-0.932332746,0.016648631,-65.28301488,-3.758017973,-4.74442274,-1.203583734,1.22716611,-0.321156438,55,0.729,0.172
2024/10/9,2.812940986,-2.833700372,1.267769527,-0.199966739,12.83621989,-1.618964377,-0.780441006,-0.796482936,-1.665424094,0.661258797,83,0.33,0.427
2024/10/10,4.709160753,3.798027999,3.909190685,3.426845683,-17.90590916,4.939779746,3.61624222,1.545238514,0.4896917,-0.320064286,73,0.57,0.62
2024/10/11,-0.58633095,3.736111816,-0.184190382,2.718984573,-18.66369162,-1.051113336,-0.454431481,-0.95774207,-3.612485466,0.659013868,73,0.374,0.414
2024/10/14,2.067613284,-0.231392313,1.660737491,0.156739844,-7.11337415,1.488315941,-2.019237935,1.040592116,2.773391922,0.714005413,75,0,0.269
2024/10/15,-1.342916565,1.014145139,-0.895505719,0.499922928,6.913573883,-2.063581189,-4.23238964,-1.375881617,-0.363636764,-1.653918342,85,1.118,0.437
2024/10/16,-3.216012406,-0.875245511,0.060966318,-2.158073829,12.92723357,-1.222011133,-0.040412205,-0.843175316,-3.118645975,-0.948831182,89,0.527,0.222
2024/10/17,-0.079358785,-2.831189334,-3.079070502,-0.271067694,-32.91877609,1.019376819,0.30941035,0.380308931,2.662232586,0.747704807,65,0.194,0.187
2024/10/18,-1.117686871,-0.047607713,-0.267485015,-0.656790507,2.841510703,-0.620582896,-1.884673776,0.672554027,0.32622199,0.682185631,48,0.824,0.586
2024/10/21,-0.838444125,-0.876848982,-0.822659283,-1.391833441,11.72553033,2.180362946,1.66953318,-0.630386622,2.88907556,-0.88371734,68,0.36,0.4
2024/10/22,0.790262963,-0.884605688,-0.621466425,-0.114145956,10.37967937,1.722473787,2.328316446,0.126395635,-0.113974558,0,63,0.414,0.204
2024/10/23,4.153499329,0.724349244,4.378435431,0.682929484,14.92990799,1.741543262,-1.430487969,0.294303345,6.011765096,-0.363783748,51,0.368,0.084
2024/10/24,2.646139794,4.085407099,3.325364701,4.808770825,31.85133419,2.570835671,-0.776754943,0.125865341,2.369974745,0.262865382,73,0.179,0.261
2024/10/25,0.508983135,2.523697331,-0.311272763,2.033242863,-29.23024901,3.464389686,2.220393021,0.334868459,-0.268362567,0.06056324,63,1.202,0.307
2024/10/28,-0.854770144,-0.541925156,-1.119665351,-2.249693164,-11.20902318,-2.967412715,-6.281307654,0.083542194,0.976638387,0.643735878,59,0.649,0.274
2024/10/29,1.316595918,0.856697206,1.696974333,2.340450998,18.17855075,0.289543937,-0.420935096,1.491946447,-0.382542633,-0.462265922,70,0.45,0.513
2024/10/30,-2.727099321,0.044886662,-0.830003283,-1.830994088,-26.32583191,-4.404486566,1.990738812,-1.075279178,0,-1.277260141,78,0.26,0.242
2024/10/31,-1.368725712,-2.070655105,-1.862754777,-2.179413783,6.016852147,0.73801073,0.837284419,-0.20811662,10.96717663,-1.376498365,68,0.637,0.199
2024/11/1,-1.105499776,-2.630509092,-1.512518331,-0.504892205,-9.728292731,-4.128165897,-0.082045677,-1.173525622,2.822002462,1.172249928,41,1,1.065
2024/11/4,2.091640279,0.484868393,1.421498907,1.226237657,1.872937793,3.253609745,2.672584496,0.378708637,12.72382334,-0.389225115,85,0.105,0.203
2024/11/5,-1.420653912,2.115092356,-0.303997802,0.156128057,-4.027930722,0.22422627,0.597571661,-0.801184973,-2.134158708,0.266475509,49,0.992,0.371
2024/11/6,-0.843359676,-2.255618571,-2.309927158,-2.735997339,28.05668065,-0.831178696,-0.810905075,-0.764984606,0.987192729,-1.609609658,73,0.475,0.16
2024/11/7,3.513458457,-0.344342178,3.219162093,2.031493447,-4.834009471,2.406014393,0.943215229,1.313856577,1.989804664,1.137668698,76,0.248,0.22
2024/11/8,2.954116053,3.799580328,2.957784167,3.564917269,17.72036712,2.919018943,-2.354623833,0.796816965,4.144729593,-1.054491318,71,0.294,0.047
2024/11/11,-0.663768201,1.527890717,0.758684701,1.444937843,-12.20566195,2.890507241,-2.800457545,0.914767294,-2.915457814,1.07505687,64,0.278,0.055
2024/11/12,-0.059215398,0.341322584,-1.508412579,-1.748612537,3.51444833,1.677244574,0.083495691,0.041382165,-0.560078475,-2.203831397,90,0.156,0.116
2024/11/13,-1.823122821,-0.564553572,-0.785131061,-0.564240917,2.295568724,-1.478455316,0.541029273,-0.331537809,-1.360685422,-0.336913353,73,0.332,0.265
2024/11/14,2.912971605,-0.597730411,1.798132456,1.848537485,9.141443237,5.197459321,0.386634008,0.826792639,1.211385785,2.004660992,87,0.246,0.457
2024/11/15,-0.381567824,2.267267601,0.495411184,0.209958086,-14.12234453,0.666213602,-2.117070712,1.064711123,0.595865766,-0.663765142,58,0.295,0.197
2024/11/18,2.181587392,-1.43144184,1.771997673,0.31411289,15.88578015,1.024781359,3.131751021,-0.122274317,4.9763206,-0.1457878,85,0.171,0.358
2024/11/19,-2.005298233,3.203198904,-0.286000481,1.30565653,-8.150041802,-3.376209625,0.013641634,-0.163265342,-0.776070987,-0.73214426,84,0.153,0.405
2024/11/20,0.366273943,-2.109322513,-0.617684935,0.073675683,-26.15154881,2.078646578,-0.684371683,-0.081732739,-1.349434325,-0.441873418,95,0.495,0.317
2024/11/21,2.327199049,0.644785352,1.96896074,0.821480342,38.76604835,3.150859267,1.931507272,0.244998081,-0.340223174,0.525818858,95,0.391,0.733
2024/11/22,-1.034046267,2.922122268,0.253986308,0.81478699,-0.274828405,-3.287529656,1.258383406,-0.204123361,-0.230306751,0.62735463,55,0.463,0.042
2024/11/25,0.848132734,-1.055343508,0.814039583,0.332730868,-21.15151518,2.131158882,-2.915579712,-0.36847534,-0.496533851,0.33298678,83,0,0
2024/11/26,-0.905894469,-0.071710293,-2.533931313,-1.440129624,5.736447195,-1.026081332,-0.274310966,-0.246406696,-1.295690581,-0.81360624,98,0.63,0.501
2024/11/27,-1.103860156,-0.662158746,-0.531877916,-0.809125415,-27.58819549,-1.10507755,0.027464982,-0.205803736,-0.461854335,-0.630386622,97,0.525,0.223
2024/11/28,-1.234402155,-1.616108552,-0.679733617,-0.251423633,-0.423974426,-1.333754659,0.615976214,0.205803736,-0.253618571,0.504626807,67,0.587,0.496
2024/11/29,1.132115304,-0.41182585,-0.538378892,-0.594090564,-15.01673787,3.506742295,-0.465053499,-0.041126877,-0.254263431,1.022439789,81,0.887,1.245
2024/12/2,0.626687178,1.026401973,2.307572827,1.43461752,41.44017181,1.708309228,-1.533496929,-3.091307138,-8.116263928,0.662117048,79,0.682,0.067
2024/12/3,-0.49519472,0.509277201,-1.277009964,-0.367782687,-15.07953031,-0.041120112,2.461451186,-1.366958491,0.522293576,0.903311418,86,0.85,0.212
2024/12/4,-0.924098985,-1.300142483,-1.410624714,-0.843637062,1.811086577,-3.626711273,-1.795429576,-0.907329621,-3.606600515,0.712761392,73,0.347,0.146
2024/12/5,-0.769234562,-0.294507649,0.59867303,-0.551458287,-4.963711942,-1.063292474,-0.304709377,-0.609492527,1.829200642,0.727864111,79,0.289,0.186
2024/12/6,1.430175501,-0.829265821,0.07276432,0.014944332,3.152625365,-0.11213181,-1.354674721,-0.43763746,-2.094674472,0.442211776,65,0.766,0.637
2024/12/9,-2.881102159,1.914638753,-0.058207219,-1.490430299,48.43400254,-3.880309087,1.424008427,-0.087757794,2.977767176,0.1803427,89,0,0.157
2024/12/10,3.726588245,-2.496252502,0.970529817,1.400730787,-304.0705639,1.292525905,0.069285668,0,3.557891578,-0.703167136,83,0.552,0.564
2024/12/11,0.679930287,2.787585555,1.132385067,2.685715504,94.34734665,-2.411267274,1.82559459,-0.17574697,2.22535403,0.181287188,85,0.718,0.267
2024/12/12,-3.745756253,0.695755814,-1.04592973,-3.556984347,24.57240523,-3.73426013,-0.149731192,-1.01658334,-6.387129542,0.100573276,79,0.801,0.34
2024/12/13,-2.577462269,-3.812929683,-3.130741356,-2.227399484,-26.49386172,-3.040677893,1.460472207,0.177541103,-0.375668698,-0.140830926,70,0.724,0.254
2024/12/16,-1.766392379,-3.00075824,-3.755172476,-2.025938077,-178.6482412,-2.566638753,-0.781675139,-1.29437201,-7.482088935,-0.322645975,76,0.431,0
2024/12/17,-1.591461935,-1.57409936,-0.541503605,-0.996764838,22.52466015,3.811287943,-0.978933718,0.403497521,3.183319812,-0.12126113,73,0.215,0.28
2024/12/18,1.011386624,-0.851874532,-0.2951917,0.143004712,154.702598,-2.711668165,0.272888694,-0.3136906,2.192196198,0.403633242,70,0.858,0.841
2024/12/19,4.248099498,1.540668739,3.636208724,0.963900961,-120.8155661,5.584940201,-0.697343361,0.089726341,4.377446197,-1.685832553,61,0.782,0
2024/12/20,0.735683823,4.424825546,0.523757277,3.871252158,41.93404546,2.493573556,0.082293243,0.313409704,-0.378072284,-1.257359655,54,0.485,0.522
2024/12/23,2.131203943,-0.92968131,2.563865203,0.392571846,-108.2986971,3.631895939,-0.425912576,0.401517381,1.186119526,1.052315498,37,0.337,0.048
2024/12/24,-0.307985871,2.602183849,-0.247615013,2.117270086,-168.1758574,0.157618246,1.299519006,-0.267499045,0.271015539,0.210164877,32,0.275,0.116
2024/12/27,2.995232228,1.225398266,2.60540106,1.435501434,86.49974375,4.666715838,0.798650607,0.222965533,-0.552151513,0.627857401,34,0,0
2024/12/30,0.61110117,0.808668667,0.36874244,0.420869934,40.54651081,-0.083542194,0.296176845,0.355714026,1.638160237,-0.653463628,20,0,0
2024/12/31,1.39291735,1.922999219,2.031878212,2.615742644,-109.8612289,1.912230777,0.335503234,1.147408881,6.61700827,-35.42778427,36,0,0
2025/1/2,2.986940106,2.204637917,2.425607101,-0.056449338,69.31471806,2.605957938,1.713530669,0.48150673,-0.702365775,-189.9136674,51,0,0.194
2025/1/3,0.958236632,2.021926804,1.130868271,3.835707316,48.95482253,-1.092380341,0.760958802,-1.451531973,-2.083866676,-0.626102613,48,1.155,0.385
2025/1/6,-2.145072745,0.067599543,-0.95501432,-1.547022434,-172.9239112,-4.89072765,-0.274851295,-2.603378626,-3.710833008,1.131940267,54,0,0
2025/1/7,-0.426322588,-2.255272241,-1.333353087,-1.333353087,182.1612432,0.211801663,0.978162348,0,-1.467609474,0.174503195,75,0.222,0.327
2025/1/8,-2.59682329,0.386313946,-0.453017454,-1.238057457,-81.83103235,-3.557806655,-1.161817128,-1.696899236,-3.049682978,-0.310438744,79,0.549,0.369
2025/1/9,1.794272975,-2.256048894,-0.676471138,-0.767376226,6.453852114,-0.969341393,0.992953024,-3.05259673,-4.17630121,0.465297466,79,0.393,0.086
2025/1/10,1.871785999,0.953189163,1.934349358,1.360179655,64.51379614,0.123893821,3.625620493,0.523187876,-5.244802281,-0.854706058,63,0.679,0.849
2025/1/13,2.690503962,3.185332454,2.349889934,4.054050261,-154.5924507,7.190716683,1.555047819,2.205109288,17.72028322,-0.567349658,70,0.3,0.264
2025/1/14,0.0265428,1.635205984,0.318007423,0.323799527,202.0018121,-2.398915637,-1.35464695,-2.252558873,0.927937373,-0.078508346,71,0.392,0
2025/1/15,1.292041705,1.22879263,2.133449153,2.540199086,-108.8459917,-0.143417581,2.605889967,0.94474014,3.151776032,1.461871858,82,0.57,0.382
2025/1/16,0.457427446,-0.289321612,-0.610510437,-0.447486927,192.8442456,-1.754430965,-0.906202626,0.796070699,-4.497882082,0.790213228,67,0.734,0.5
2025/1/17,1.179610541,0.394322278,2.343656072,0.552487593,-68.00178891,1.636167731,-0.616981227,1.57337813,1.477968405,0.726858594,56,0.601,0.585
2025/1/20,0.923557103,1.52316946,-0.254874612,0.914083147,48.61764885,2.537063391,-2.114032072,1.639380978,0.105364835,0.114285727,82,0.559,0.107
2025/1/21,0.356870121,1.15608224,0.394779246,-0.782987166,-26.12953173,4.243256336,-0.888894742,1.345915337,0.035096956,0.34207559,75,0.47,0.25
2025/1/22,-1.680711832,-0.012772208,-0.49691126,0.704963755,-49.24764851,-2.998460965,-0.319387049,-3.353282011,-0.070206234,0.378716605,71,0.321,0.216
2025/1/23,2.264247675,-0.756462355,2.223155852,1.073957401,197.7861749,0.511427019,-0.757822649,0.551471986,1.74916351,0.452574787,71,0.551,0.53
2025/1/24,1.119438141,2.139118998,-0.062480477,0.769234562,-171.9000115,0.991024507,-0.012894075,-0.413318614,0.284274646,-0.150630795,66,1.427,0.17
2025/1/27,-2.918988969,0.037785755,-0.715050403,-0.975367075,99.06492992,-3.741043896,-0.607904608,0.413318614,-2.033438156,-0.018844813,73,0,0.091
2025/1/28,1.152381511,-2.434636855,-0.974136364,-0.504235343,-56.77924484,0.870111145,0.530505223,1.048562149,0.140363213,0.413767752,75,0.284,0.342
2025/1/29,3.293354671,2.384252674,4.073045715,2.799083628,-69.31471806,5.895364779,-1.181294973,-0.272479733,0,0.3746726,77,0.814,0.701
2025/1/30,-0.333148559,2.082239684,0.899155511,1.53839567,-68.17184847,0.66672082,0.377973731,0.045464879,0.061347007,0.930585536,82,0.324,0.263
2025/1/31,1.569621434,0.455525565,-0.084709874,0.630994979,-12.06279878,0.861676358,-0.143201222,0.453515517,14.59820345,0.037043897,58,0.796,0.225
2025/2/3,-3.579551152,0.392301594,-1.0588549,-3.23376968,129.2265411,0.237193577,-1.04767852,-1.091912578,-2.934834589,-0.948932602,62,0.247,0.144
2025/2/4,-0.088311366,-2.904871579,-2.139449685,-0.562086304,-14.36427022,-3.262425253,0.315457675,-3.443802391,-2.255082552,0.354577212,75,0.241,0.059
2025/2/5,0.327621261,-0.391241743,1.081629243,0.281438078,-107.4514737,2.971593883,-2.108691621,0.283688134,1.519497422,0.316191094,95,0.538,0.376
2025/2/6,1.013839337,0.353446467,0.234669409,1.319816112,99.85288301,2.063336494,-0.429819332,0.377003274,1.2255725,1.346511168,89,0.745,0.426
2025/2/7,0.434918362,0.990541608,-0.074046653,0.477928214,-37.94896217,1.90382786,0.496812032,-1.08773832,1.233726806,-0.643325443,99,0.603,0.797
2025/2/10,0.790420319,1.707117162,1.895501569,1.864566137,-24.58349625,3.971641121,1.607687586,-0.811654014,3.427443537,0.789791965,78,0.308,0.295
2025/2/11,-0.456199546,-1.134833938,-0.473560475,-1.401399508,3.226086222,-0.482578468,1.47840725,-1.351371917,-1.079562285,0.16451882,100,0.457,0.119
2025/2/12,-2.858053646,-0.385309034,-2.289894467,-1.98026273,145.1576653,-4.050488372,-2.392018372,0.194174818,0.194436196,0.073032685,99,0.533,0.535
2025/2/13,-2.837435647,-2.893259735,-2.483894957,-2.777059312,-2.636687584,-8.290503664,-0.213049348,-0.925706976,-1.778896687,1.034961576,87,0.771,0.537
2025/2/14,2.173998664,-2.860681353,-0.191681101,-0.802160919,-216.7147122,-1.614574038,-0.37393206,-0.687625499,-3.356331123,-0.271321501,72,0.889,0.781
2025/2/17,-3.265755644,2.423887236,-0.615860299,-0.635763731,126.2241712,-5.497644449,0.253892032,-1.940842211,-1.857491094,0.6499391,64,0.093,0.191
2025/2/18,-1.936362831,-2.966180742,-2.541681298,-2.925722667,-122.945189,1.866332744,0.665072949,1.644691945,-0.62691091,0.377189491,85,0.816,0.738
2025/2/19,-2.305223814,-1.348575081,-1.436003934,-1.294427327,208.7473713,-2.507860735,0.317670684,-0.396236279,-0.234088172,-1.099605492,76,0.919,0.373
2025/2/20,-1.866349438,-3.335009087,-3.405395796,-1.860583854,-82.09805521,-1.251493164,0.5009238,-0.347999357,1.164999317,-0.108813939,85,1.013,0.88
2025/2/21,1.728266013,-1.019775548,1.485380081,0.563223117,-170.4748092,-1.08023009,-2.665047799,-0.649515149,3.067725225,0.542889498,66,1.152,0.897
2025/2/24,-0.31831734,2.166751433,-0.629966477,-0.746955767,81.09302162,0.44412935,0.350499146,0.350263055,-0.131777857,-0.108342372,97,0.553,0.619
2025/2/25,-2.640602864,-0.994208686,-0.994071419,-1.439078764,78.84573604,-6.263186409,-1.751215594,-0.350263055,-0.054311985,0.108342372,84,0.695,0.362
2025/2/26,-1.001295735,-2.957545517,-1.523972172,-0.604579357,-150.4077397,-7.035524195,-0.673310685,0.150262988,-0.28756869,1.023440121,76,0.969,0.309
2025/2/27,2.498710351,-0.27195322,1.009260039,0.575872596,224.167634,7.796913407,2.060521833,-0.150262988,0.031128405,-0.555308189,67,0.298,0.248
2025/2/28,-2.498710351,2.86803581,0.348068573,-0.417176754,-96.32709408,-1.852429872,-1.168332811,0,-33.89808271,-0.071877811,60,0.538,0.403
